<?xml version="1.0" encoding="UTF-8"?>
<spirit:component xmlns:xilinx="http://www.xilinx.com" xmlns:spirit="http://www.spiritconsortium.org/XMLSchema/SPIRIT/1685-2009" xmlns:xsi="http://www.w3.org/2001/XMLSchema-instance">
  <spirit:vendor>xilinx.com</spirit:vendor>
  <spirit:library>user</spirit:library>
  <spirit:name>uart_apb</spirit:name>
  <spirit:version>1.0</spirit:version>
  <spirit:busInterfaces>
    <spirit:busInterface>
      <spirit:name>resetn</spirit:name>
      <spirit:busType spirit:vendor="xilinx.com" spirit:library="signal" spirit:name="reset" spirit:version="1.0"/>
      <spirit:abstractionType spirit:vendor="xilinx.com" spirit:library="signal" spirit:name="reset_rtl" spirit:version="1.0"/>
      <spirit:slave/>
      <spirit:portMaps>
        <spirit:portMap>
          <spirit:logicalPort>
            <spirit:name>RST</spirit:name>
          </spirit:logicalPort>
          <spirit:physicalPort>
            <spirit:name>resetn</spirit:name>
          </spirit:physicalPort>
        </spirit:portMap>
      </spirit:portMaps>
      <spirit:parameters>
        <spirit:parameter>
          <spirit:name>POLARITY</spirit:name>
          <spirit:value spirit:id="BUSIFPARAM_VALUE.RESETN.POLARITY" spirit:choiceRef="choice_list_9d8b0d81">ACTIVE_LOW</spirit:value>
        </spirit:parameter>
      </spirit:parameters>
    </spirit:busInterface>
    <spirit:busInterface>
      <spirit:name>clk</spirit:name>
      <spirit:busType spirit:vendor="xilinx.com" spirit:library="signal" spirit:name="clock" spirit:version="1.0"/>
      <spirit:abstractionType spirit:vendor="xilinx.com" spirit:library="signal" spirit:name="clock_rtl" spirit:version="1.0"/>
      <spirit:slave/>
      <spirit:portMaps>
        <spirit:portMap>
          <spirit:logicalPort>
            <spirit:name>CLK</spirit:name>
          </spirit:logicalPort>
          <spirit:physicalPort>
            <spirit:name>clk</spirit:name>
          </spirit:physicalPort>
        </spirit:portMap>
      </spirit:portMaps>
      <spirit:parameters>
        <spirit:parameter>
          <spirit:name>ASSOCIATED_RESET</spirit:name>
          <spirit:value spirit:id="BUSIFPARAM_VALUE.CLK.ASSOCIATED_RESET">resetn:interrupt</spirit:value>
        </spirit:parameter>
        <spirit:parameter>
          <spirit:name>ASSOCIATED_BUSIF</spirit:name>
          <spirit:value spirit:id="BUSIFPARAM_VALUE.CLK.ASSOCIATED_BUSIF">S00_APB</spirit:value>
        </spirit:parameter>
      </spirit:parameters>
    </spirit:busInterface>
    <spirit:busInterface>
      <spirit:name>S00_APB</spirit:name>
      <spirit:busType spirit:vendor="xilinx.com" spirit:library="interface" spirit:name="apb" spirit:version="1.0"/>
      <spirit:abstractionType spirit:vendor="xilinx.com" spirit:library="interface" spirit:name="apb_rtl" spirit:version="1.0"/>
      <spirit:slave/>
      <spirit:portMaps>
        <spirit:portMap>
          <spirit:logicalPort>
            <spirit:name>PADDR</spirit:name>
          </spirit:logicalPort>
          <spirit:physicalPort>
            <spirit:name>in_paddr</spirit:name>
          </spirit:physicalPort>
        </spirit:portMap>
        <spirit:portMap>
          <spirit:logicalPort>
            <spirit:name>PPROT</spirit:name>
          </spirit:logicalPort>
          <spirit:physicalPort>
            <spirit:name>in_pprot</spirit:name>
          </spirit:physicalPort>
        </spirit:portMap>
        <spirit:portMap>
          <spirit:logicalPort>
            <spirit:name>PSEL</spirit:name>
          </spirit:logicalPort>
          <spirit:physicalPort>
            <spirit:name>in_psel</spirit:name>
          </spirit:physicalPort>
        </spirit:portMap>
        <spirit:portMap>
          <spirit:logicalPort>
            <spirit:name>PENABLE</spirit:name>
          </spirit:logicalPort>
          <spirit:physicalPort>
            <spirit:name>in_penable</spirit:name>
          </spirit:physicalPort>
        </spirit:portMap>
        <spirit:portMap>
          <spirit:logicalPort>
            <spirit:name>PWRITE</spirit:name>
          </spirit:logicalPort>
          <spirit:physicalPort>
            <spirit:name>in_pwrite</spirit:name>
          </spirit:physicalPort>
        </spirit:portMap>
        <spirit:portMap>
          <spirit:logicalPort>
            <spirit:name>PWDATA</spirit:name>
          </spirit:logicalPort>
          <spirit:physicalPort>
            <spirit:name>in_pwdata</spirit:name>
          </spirit:physicalPort>
        </spirit:portMap>
        <spirit:portMap>
          <spirit:logicalPort>
            <spirit:name>PSTRB</spirit:name>
          </spirit:logicalPort>
          <spirit:physicalPort>
            <spirit:name>in_pstrb</spirit:name>
          </spirit:physicalPort>
        </spirit:portMap>
        <spirit:portMap>
          <spirit:logicalPort>
            <spirit:name>PREADY</spirit:name>
          </spirit:logicalPort>
          <spirit:physicalPort>
            <spirit:name>in_pready</spirit:name>
          </spirit:physicalPort>
        </spirit:portMap>
        <spirit:portMap>
          <spirit:logicalPort>
            <spirit:name>PRDATA</spirit:name>
          </spirit:logicalPort>
          <spirit:physicalPort>
            <spirit:name>in_prdata</spirit:name>
          </spirit:physicalPort>
        </spirit:portMap>
        <spirit:portMap>
          <spirit:logicalPort>
            <spirit:name>PSLVERR</spirit:name>
          </spirit:logicalPort>
          <spirit:physicalPort>
            <spirit:name>in_pslverr</spirit:name>
          </spirit:physicalPort>
        </spirit:portMap>
      </spirit:portMaps>
    </spirit:busInterface>
    <spirit:busInterface>
      <spirit:name>interrupt</spirit:name>
      <spirit:busType spirit:vendor="xilinx.com" spirit:library="signal" spirit:name="interrupt" spirit:version="1.0"/>
      <spirit:abstractionType spirit:vendor="xilinx.com" spirit:library="signal" spirit:name="interrupt_rtl" spirit:version="1.0"/>
      <spirit:master/>
      <spirit:portMaps>
        <spirit:portMap>
          <spirit:logicalPort>
            <spirit:name>INTERRUPT</spirit:name>
          </spirit:logicalPort>
          <spirit:physicalPort>
            <spirit:name>interrupt</spirit:name>
          </spirit:physicalPort>
        </spirit:portMap>
      </spirit:portMaps>
    </spirit:busInterface>
  </spirit:busInterfaces>
  <spirit:model>
    <spirit:views>
      <spirit:view>
        <spirit:name>xilinx_anylanguagesynthesis</spirit:name>
        <spirit:displayName>Synthesis</spirit:displayName>
        <spirit:envIdentifier>:vivado.xilinx.com:synthesis</spirit:envIdentifier>
        <spirit:language>Verilog</spirit:language>
        <spirit:modelName>uart_apb</spirit:modelName>
        <spirit:fileSetRef>
          <spirit:localName>xilinx_anylanguagesynthesis_view_fileset</spirit:localName>
        </spirit:fileSetRef>
        <spirit:parameters>
          <spirit:parameter>
            <spirit:name>viewChecksum</spirit:name>
            <spirit:value>ed9af70e</spirit:value>
          </spirit:parameter>
        </spirit:parameters>
      </spirit:view>
      <spirit:view>
        <spirit:name>xilinx_anylanguagebehavioralsimulation</spirit:name>
        <spirit:displayName>Simulation</spirit:displayName>
        <spirit:envIdentifier>:vivado.xilinx.com:simulation</spirit:envIdentifier>
        <spirit:language>Verilog</spirit:language>
        <spirit:modelName>uart_apb</spirit:modelName>
        <spirit:fileSetRef>
          <spirit:localName>xilinx_anylanguagebehavioralsimulation_view_fileset</spirit:localName>
        </spirit:fileSetRef>
        <spirit:parameters>
          <spirit:parameter>
            <spirit:name>viewChecksum</spirit:name>
            <spirit:value>ed9af70e</spirit:value>
          </spirit:parameter>
        </spirit:parameters>
      </spirit:view>
      <spirit:view>
        <spirit:name>xilinx_xpgui</spirit:name>
        <spirit:displayName>UI Layout</spirit:displayName>
        <spirit:envIdentifier>:vivado.xilinx.com:xgui.ui</spirit:envIdentifier>
        <spirit:fileSetRef>
          <spirit:localName>xilinx_xpgui_view_fileset</spirit:localName>
        </spirit:fileSetRef>
        <spirit:parameters>
          <spirit:parameter>
            <spirit:name>viewChecksum</spirit:name>
            <spirit:value>f64a5dae</spirit:value>
          </spirit:parameter>
        </spirit:parameters>
      </spirit:view>
      <spirit:view>
        <spirit:name>xilinx_documentation</spirit:name>
        <spirit:displayName>Documentation</spirit:displayName>
        <spirit:envIdentifier>:vivado.xilinx.com:docs.all</spirit:envIdentifier>
        <spirit:fileSetRef>
          <spirit:localName>xilinx_documentation_view_fileset</spirit:localName>
        </spirit:fileSetRef>
      </spirit:view>
      <spirit:view>
        <spirit:name>xilinx_productguide</spirit:name>
        <spirit:displayName>Product Guide</spirit:displayName>
        <spirit:envIdentifier>:vivado.xilinx.com:docs.productguide</spirit:envIdentifier>
        <spirit:fileSetRef>
          <spirit:localName>xilinx_productguide_view_fileset</spirit:localName>
        </spirit:fileSetRef>
        <spirit:parameters>
          <spirit:parameter>
            <spirit:name>viewChecksum</spirit:name>
            <spirit:value>4dd14481</spirit:value>
          </spirit:parameter>
        </spirit:parameters>
      </spirit:view>
    </spirit:views>
    <spirit:ports>
      <spirit:port>
        <spirit:name>resetn</spirit:name>
        <spirit:wire>
          <spirit:direction>in</spirit:direction>
          <spirit:wireTypeDefs>
            <spirit:wireTypeDef>
              <spirit:typeName>wire</spirit:typeName>
              <spirit:viewNameRef>xilinx_anylanguagesynthesis</spirit:viewNameRef>
              <spirit:viewNameRef>xilinx_anylanguagebehavioralsimulation</spirit:viewNameRef>
            </spirit:wireTypeDef>
          </spirit:wireTypeDefs>
        </spirit:wire>
      </spirit:port>
      <spirit:port>
        <spirit:name>clk</spirit:name>
        <spirit:wire>
          <spirit:direction>in</spirit:direction>
          <spirit:wireTypeDefs>
            <spirit:wireTypeDef>
              <spirit:typeName>wire</spirit:typeName>
              <spirit:viewNameRef>xilinx_anylanguagesynthesis</spirit:viewNameRef>
              <spirit:viewNameRef>xilinx_anylanguagebehavioralsimulation</spirit:viewNameRef>
            </spirit:wireTypeDef>
          </spirit:wireTypeDefs>
        </spirit:wire>
      </spirit:port>
      <spirit:port>
        <spirit:name>in_psel</spirit:name>
        <spirit:wire>
          <spirit:direction>in</spirit:direction>
          <spirit:wireTypeDefs>
            <spirit:wireTypeDef>
              <spirit:typeName>wire</spirit:typeName>
              <spirit:viewNameRef>xilinx_anylanguagesynthesis</spirit:viewNameRef>
              <spirit:viewNameRef>xilinx_anylanguagebehavioralsimulation</spirit:viewNameRef>
            </spirit:wireTypeDef>
          </spirit:wireTypeDefs>
        </spirit:wire>
      </spirit:port>
      <spirit:port>
        <spirit:name>in_penable</spirit:name>
        <spirit:wire>
          <spirit:direction>in</spirit:direction>
          <spirit:wireTypeDefs>
            <spirit:wireTypeDef>
              <spirit:typeName>wire</spirit:typeName>
              <spirit:viewNameRef>xilinx_anylanguagesynthesis</spirit:viewNameRef>
              <spirit:viewNameRef>xilinx_anylanguagebehavioralsimulation</spirit:viewNameRef>
            </spirit:wireTypeDef>
          </spirit:wireTypeDefs>
        </spirit:wire>
      </spirit:port>
      <spirit:port>
        <spirit:name>in_pprot</spirit:name>
        <spirit:wire>
          <spirit:direction>in</spirit:direction>
          <spirit:vector>
            <spirit:left spirit:format="long">2</spirit:left>
            <spirit:right spirit:format="long">0</spirit:right>
          </spirit:vector>
          <spirit:wireTypeDefs>
            <spirit:wireTypeDef>
              <spirit:typeName>wire</spirit:typeName>
              <spirit:viewNameRef>xilinx_anylanguagesynthesis</spirit:viewNameRef>
              <spirit:viewNameRef>xilinx_anylanguagebehavioralsimulation</spirit:viewNameRef>
            </spirit:wireTypeDef>
          </spirit:wireTypeDefs>
        </spirit:wire>
      </spirit:port>
      <spirit:port>
        <spirit:name>in_pready</spirit:name>
        <spirit:wire>
          <spirit:direction>out</spirit:direction>
          <spirit:wireTypeDefs>
            <spirit:wireTypeDef>
              <spirit:typeName>std_logic</spirit:typeName>
              <spirit:viewNameRef>xilinx_anylanguagesynthesis</spirit:viewNameRef>
              <spirit:viewNameRef>xilinx_anylanguagebehavioralsimulation</spirit:viewNameRef>
            </spirit:wireTypeDef>
          </spirit:wireTypeDefs>
        </spirit:wire>
      </spirit:port>
      <spirit:port>
        <spirit:name>in_pslverr</spirit:name>
        <spirit:wire>
          <spirit:direction>out</spirit:direction>
          <spirit:wireTypeDefs>
            <spirit:wireTypeDef>
              <spirit:typeName>wire</spirit:typeName>
              <spirit:viewNameRef>xilinx_anylanguagesynthesis</spirit:viewNameRef>
              <spirit:viewNameRef>xilinx_anylanguagebehavioralsimulation</spirit:viewNameRef>
            </spirit:wireTypeDef>
          </spirit:wireTypeDefs>
        </spirit:wire>
      </spirit:port>
      <spirit:port>
        <spirit:name>in_paddr</spirit:name>
        <spirit:wire>
          <spirit:direction>in</spirit:direction>
          <spirit:vector>
            <spirit:left spirit:format="long">31</spirit:left>
            <spirit:right spirit:format="long">0</spirit:right>
          </spirit:vector>
          <spirit:wireTypeDefs>
            <spirit:wireTypeDef>
              <spirit:typeName>wire</spirit:typeName>
              <spirit:viewNameRef>xilinx_anylanguagesynthesis</spirit:viewNameRef>
              <spirit:viewNameRef>xilinx_anylanguagebehavioralsimulation</spirit:viewNameRef>
            </spirit:wireTypeDef>
          </spirit:wireTypeDefs>
        </spirit:wire>
      </spirit:port>
      <spirit:port>
        <spirit:name>in_pwrite</spirit:name>
        <spirit:wire>
          <spirit:direction>in</spirit:direction>
          <spirit:wireTypeDefs>
            <spirit:wireTypeDef>
              <spirit:typeName>wire</spirit:typeName>
              <spirit:viewNameRef>xilinx_anylanguagesynthesis</spirit:viewNameRef>
              <spirit:viewNameRef>xilinx_anylanguagebehavioralsimulation</spirit:viewNameRef>
            </spirit:wireTypeDef>
          </spirit:wireTypeDefs>
        </spirit:wire>
      </spirit:port>
      <spirit:port>
        <spirit:name>in_prdata</spirit:name>
        <spirit:wire>
          <spirit:direction>out</spirit:direction>
          <spirit:vector>
            <spirit:left spirit:format="long">31</spirit:left>
            <spirit:right spirit:format="long">0</spirit:right>
          </spirit:vector>
          <spirit:wireTypeDefs>
            <spirit:wireTypeDef>
              <spirit:typeName>wire</spirit:typeName>
              <spirit:viewNameRef>xilinx_anylanguagesynthesis</spirit:viewNameRef>
              <spirit:viewNameRef>xilinx_anylanguagebehavioralsimulation</spirit:viewNameRef>
            </spirit:wireTypeDef>
          </spirit:wireTypeDefs>
        </spirit:wire>
      </spirit:port>
      <spirit:port>
        <spirit:name>in_pwdata</spirit:name>
        <spirit:wire>
          <spirit:direction>in</spirit:direction>
          <spirit:vector>
            <spirit:left spirit:format="long">31</spirit:left>
            <spirit:right spirit:format="long">0</spirit:right>
          </spirit:vector>
          <spirit:wireTypeDefs>
            <spirit:wireTypeDef>
              <spirit:typeName>wire</spirit:typeName>
              <spirit:viewNameRef>xilinx_anylanguagesynthesis</spirit:viewNameRef>
              <spirit:viewNameRef>xilinx_anylanguagebehavioralsimulation</spirit:viewNameRef>
            </spirit:wireTypeDef>
          </spirit:wireTypeDefs>
        </spirit:wire>
      </spirit:port>
      <spirit:port>
        <spirit:name>in_pstrb</spirit:name>
        <spirit:wire>
          <spirit:direction>in</spirit:direction>
          <spirit:vector>
            <spirit:left spirit:format="long">3</spirit:left>
            <spirit:right spirit:format="long">0</spirit:right>
          </spirit:vector>
          <spirit:wireTypeDefs>
            <spirit:wireTypeDef>
              <spirit:typeName>wire</spirit:typeName>
              <spirit:viewNameRef>xilinx_anylanguagesynthesis</spirit:viewNameRef>
              <spirit:viewNameRef>xilinx_anylanguagebehavioralsimulation</spirit:viewNameRef>
            </spirit:wireTypeDef>
          </spirit:wireTypeDefs>
        </spirit:wire>
      </spirit:port>
      <spirit:port>
        <spirit:name>uart_rx</spirit:name>
        <spirit:wire>
          <spirit:direction>in</spirit:direction>
          <spirit:wireTypeDefs>
            <spirit:wireTypeDef>
              <spirit:typeName>wire</spirit:typeName>
              <spirit:viewNameRef>xilinx_anylanguagesynthesis</spirit:viewNameRef>
              <spirit:viewNameRef>xilinx_anylanguagebehavioralsimulation</spirit:viewNameRef>
            </spirit:wireTypeDef>
          </spirit:wireTypeDefs>
        </spirit:wire>
      </spirit:port>
      <spirit:port>
        <spirit:name>uart_tx</spirit:name>
        <spirit:wire>
          <spirit:direction>out</spirit:direction>
          <spirit:wireTypeDefs>
            <spirit:wireTypeDef>
              <spirit:typeName>wire</spirit:typeName>
              <spirit:viewNameRef>xilinx_anylanguagesynthesis</spirit:viewNameRef>
              <spirit:viewNameRef>xilinx_anylanguagebehavioralsimulation</spirit:viewNameRef>
            </spirit:wireTypeDef>
          </spirit:wireTypeDefs>
        </spirit:wire>
      </spirit:port>
      <spirit:port>
        <spirit:name>interrupt</spirit:name>
        <spirit:wire>
          <spirit:direction>out</spirit:direction>
          <spirit:wireTypeDefs>
            <spirit:wireTypeDef>
              <spirit:typeName>wire</spirit:typeName>
              <spirit:viewNameRef>xilinx_anylanguagesynthesis</spirit:viewNameRef>
              <spirit:viewNameRef>xilinx_anylanguagebehavioralsimulation</spirit:viewNameRef>
            </spirit:wireTypeDef>
          </spirit:wireTypeDefs>
        </spirit:wire>
      </spirit:port>
    </spirit:ports>
  </spirit:model>
  <spirit:choices>
    <spirit:choice>
      <spirit:name>choice_list_9d8b0d81</spirit:name>
      <spirit:enumeration>ACTIVE_HIGH</spirit:enumeration>
      <spirit:enumeration>ACTIVE_LOW</spirit:enumeration>
    </spirit:choice>
  </spirit:choices>
  <spirit:fileSets>
    <spirit:fileSet>
      <spirit:name>xilinx_anylanguagesynthesis_view_fileset</spirit:name>
      <spirit:file>
        <spirit:name>rtl/raminfr.v</spirit:name>
        <spirit:fileType>verilogSource</spirit:fileType>
      </spirit:file>
      <spirit:file>
        <spirit:name>rtl/uart_defines.v</spirit:name>
        <spirit:fileType>verilogSource</spirit:fileType>
        <spirit:isIncludeFile>true</spirit:isIncludeFile>
      </spirit:file>
      <spirit:file>
        <spirit:name>rtl/uart_receiver.v</spirit:name>
        <spirit:fileType>verilogSource</spirit:fileType>
      </spirit:file>
      <spirit:file>
        <spirit:name>rtl/uart_regs.v</spirit:name>
        <spirit:fileType>verilogSource</spirit:fileType>
      </spirit:file>
      <spirit:file>
        <spirit:name>rtl/uart_rfifo.v</spirit:name>
        <spirit:fileType>verilogSource</spirit:fileType>
      </spirit:file>
      <spirit:file>
        <spirit:name>rtl/uart_sync_flops.v</spirit:name>
        <spirit:fileType>verilogSource</spirit:fileType>
      </spirit:file>
      <spirit:file>
        <spirit:name>rtl/uart_tfifo.v</spirit:name>
        <spirit:fileType>verilogSource</spirit:fileType>
      </spirit:file>
      <spirit:file>
        <spirit:name>rtl/uart_transmitter.v</spirit:name>
        <spirit:fileType>verilogSource</spirit:fileType>
      </spirit:file>
      <spirit:file>
        <spirit:name>rtl/uart_apb.v</spirit:name>
        <spirit:fileType>verilogSource</spirit:fileType>
        <spirit:userFileType>CHECKSUM_aaa7465c</spirit:userFileType>
      </spirit:file>
    </spirit:fileSet>
    <spirit:fileSet>
      <spirit:name>xilinx_anylanguagebehavioralsimulation_view_fileset</spirit:name>
      <spirit:file>
        <spirit:name>rtl/raminfr.v</spirit:name>
        <spirit:fileType>verilogSource</spirit:fileType>
      </spirit:file>
      <spirit:file>
        <spirit:name>rtl/uart_defines.v</spirit:name>
        <spirit:fileType>verilogSource</spirit:fileType>
        <spirit:isIncludeFile>true</spirit:isIncludeFile>
      </spirit:file>
      <spirit:file>
        <spirit:name>rtl/uart_receiver.v</spirit:name>
        <spirit:fileType>verilogSource</spirit:fileType>
      </spirit:file>
      <spirit:file>
        <spirit:name>rtl/uart_regs.v</spirit:name>
        <spirit:fileType>verilogSource</spirit:fileType>
      </spirit:file>
      <spirit:file>
        <spirit:name>rtl/uart_rfifo.v</spirit:name>
        <spirit:fileType>verilogSource</spirit:fileType>
      </spirit:file>
      <spirit:file>
        <spirit:name>rtl/uart_sync_flops.v</spirit:name>
        <spirit:fileType>verilogSource</spirit:fileType>
      </spirit:file>
      <spirit:file>
        <spirit:name>rtl/uart_tfifo.v</spirit:name>
        <spirit:fileType>verilogSource</spirit:fileType>
      </spirit:file>
      <spirit:file>
        <spirit:name>rtl/uart_transmitter.v</spirit:name>
        <spirit:fileType>verilogSource</spirit:fileType>
      </spirit:file>
      <spirit:file>
        <spirit:name>rtl/uart_apb.v</spirit:name>
        <spirit:fileType>verilogSource</spirit:fileType>
      </spirit:file>
    </spirit:fileSet>
    <spirit:fileSet>
      <spirit:name>xilinx_xpgui_view_fileset</spirit:name>
      <spirit:file>
        <spirit:name>xgui/uart_apb_v1_0.tcl</spirit:name>
        <spirit:fileType>tclSource</spirit:fileType>
        <spirit:userFileType>CHECKSUM_f64a5dae</spirit:userFileType>
        <spirit:userFileType>XGUI_VERSION_2</spirit:userFileType>
      </spirit:file>
    </spirit:fileSet>
    <spirit:fileSet>
      <spirit:name>xilinx_documentation_view_fileset</spirit:name>
      <spirit:file>
        <spirit:name>doc/UART_spec.pdf</spirit:name>
        <spirit:userFileType>pdf</spirit:userFileType>
      </spirit:file>
    </spirit:fileSet>
    <spirit:fileSet>
      <spirit:name>xilinx_productguide_view_fileset</spirit:name>
      <spirit:file>
        <spirit:name>doc/UART_spec.pdf</spirit:name>
        <spirit:userFileType>pdf</spirit:userFileType>
      </spirit:file>
    </spirit:fileSet>
  </spirit:fileSets>
  <spirit:description>uart_apb_v1_0</spirit:description>
  <spirit:parameters>
    <spirit:parameter>
      <spirit:name>Component_Name</spirit:name>
      <spirit:value spirit:resolve="user" spirit:id="PARAM_VALUE.Component_Name" spirit:order="1">uart_apb_v1_0</spirit:value>
    </spirit:parameter>
  </spirit:parameters>
  <spirit:vendorExtensions>
    <xilinx:coreExtensions>
      <xilinx:supportedFamilies>
        <xilinx:family xilinx:lifeCycle="Production">virtex7</xilinx:family>
        <xilinx:family xilinx:lifeCycle="Production">qvirtex7</xilinx:family>
        <xilinx:family xilinx:lifeCycle="Production">kintex7</xilinx:family>
        <xilinx:family xilinx:lifeCycle="Production">kintex7l</xilinx:family>
        <xilinx:family xilinx:lifeCycle="Production">qkintex7</xilinx:family>
        <xilinx:family xilinx:lifeCycle="Production">qkintex7l</xilinx:family>
        <xilinx:family xilinx:lifeCycle="Production">akintex7</xilinx:family>
        <xilinx:family xilinx:lifeCycle="Production">artix7</xilinx:family>
        <xilinx:family xilinx:lifeCycle="Production">artix7l</xilinx:family>
        <xilinx:family xilinx:lifeCycle="Production">aartix7</xilinx:family>
        <xilinx:family xilinx:lifeCycle="Production">qartix7</xilinx:family>
        <xilinx:family xilinx:lifeCycle="Production">zynq</xilinx:family>
        <xilinx:family xilinx:lifeCycle="Production">qzynq</xilinx:family>
        <xilinx:family xilinx:lifeCycle="Production">azynq</xilinx:family>
        <xilinx:family xilinx:lifeCycle="Production">spartan7</xilinx:family>
        <xilinx:family xilinx:lifeCycle="Production">aspartan7</xilinx:family>
        <xilinx:family xilinx:lifeCycle="Production">virtexu</xilinx:family>
        <xilinx:family xilinx:lifeCycle="Production">zynquplus</xilinx:family>
        <xilinx:family xilinx:lifeCycle="Production">virtexuplus</xilinx:family>
        <xilinx:family xilinx:lifeCycle="Production">virtexuplusHBM</xilinx:family>
        <xilinx:family xilinx:lifeCycle="Production">virtexuplus58g</xilinx:family>
        <xilinx:family xilinx:lifeCycle="Production">kintexuplus</xilinx:family>
        <xilinx:family xilinx:lifeCycle="Production">kintexu</xilinx:family>
      </xilinx:supportedFamilies>
      <xilinx:taxonomies>
        <xilinx:taxonomy>/UserIP</xilinx:taxonomy>
      </xilinx:taxonomies>
      <xilinx:displayName>uart_apb_v1_0</xilinx:displayName>
      <xilinx:definitionSource>package_project</xilinx:definitionSource>
      <xilinx:xpmLibraries>
        <xilinx:xpmLibrary>XPM_CDC</xilinx:xpmLibrary>
        <xilinx:xpmLibrary>XPM_FIFO</xilinx:xpmLibrary>
        <xilinx:xpmLibrary>XPM_MEMORY</xilinx:xpmLibrary>
      </xilinx:xpmLibraries>
      <xilinx:coreRevision>4</xilinx:coreRevision>
      <xilinx:coreCreationDateTime>2021-10-17T00:02:51Z</xilinx:coreCreationDateTime>
      <xilinx:tags>
        <xilinx:tag xilinx:name="nopcore"/>
        <xilinx:tag xilinx:name="ui.data.coregen.dd@5013106d_ARCHIVE_LOCATION">e:/nano-cpu64k/fpga/ddr3_alpha_soc/ipuart16550</xilinx:tag>
        <xilinx:tag xilinx:name="ui.data.coregen.dd@66e7f876_ARCHIVE_LOCATION">e:/nano-cpu64k/fpga/ddr3_alpha_soc/ipuart16550</xilinx:tag>
        <xilinx:tag xilinx:name="ui.data.coregen.dd@50c2e8eb_ARCHIVE_LOCATION">e:/nano-cpu64k/fpga/ddr3_alpha_soc/ipuart16550</xilinx:tag>
        <xilinx:tag xilinx:name="ui.data.coregen.dd@1258b431_ARCHIVE_LOCATION">e:/nano-cpu64k/fpga/ddr3_alpha_soc/ipuart16550</xilinx:tag>
        <xilinx:tag xilinx:name="ui.data.coregen.dd@1bcb5246_ARCHIVE_LOCATION">e:/nano-cpu64k/fpga/ddr3_alpha_soc/ipuart16550</xilinx:tag>
        <xilinx:tag xilinx:name="ui.data.coregen.dd@74b4046f_ARCHIVE_LOCATION">e:/nano-cpu64k/fpga/ddr3_alpha_soc/ipuart16550</xilinx:tag>
        <xilinx:tag xilinx:name="ui.data.coregen.dd@48ff3c6f_ARCHIVE_LOCATION">e:/nano-cpu64k/fpga/ddr3_alpha_soc/ipuart16550</xilinx:tag>
        <xilinx:tag xilinx:name="ui.data.coregen.dd@7abeefd5_ARCHIVE_LOCATION">e:/nano-cpu64k/fpga/ddr3_alpha_soc/ipuart16550</xilinx:tag>
        <xilinx:tag xilinx:name="ui.data.coregen.dd@7ef3783d_ARCHIVE_LOCATION">e:/nano-cpu64k/fpga/ddr3_alpha_soc/ipuart16550</xilinx:tag>
        <xilinx:tag xilinx:name="ui.data.coregen.dd@7644305_ARCHIVE_LOCATION">e:/nano-cpu64k/fpga/ddr3_alpha_soc/ipuart16550</xilinx:tag>
        <xilinx:tag xilinx:name="ui.data.coregen.dd@6f9cb49d_ARCHIVE_LOCATION">e:/nano-cpu64k/fpga/ddr3_alpha_soc/ipuart16550</xilinx:tag>
        <xilinx:tag xilinx:name="ui.data.coregen.dd@2bf53e99_ARCHIVE_LOCATION">e:/nano-cpu64k/fpga/ddr3_alpha_soc/ipuart16550</xilinx:tag>
        <xilinx:tag xilinx:name="ui.data.coregen.dd@e0d7418_ARCHIVE_LOCATION">e:/nano-cpu64k/fpga/ddr3_alpha_soc/ipuart16550</xilinx:tag>
        <xilinx:tag xilinx:name="ui.data.coregen.dd@14094597_ARCHIVE_LOCATION">e:/nano-cpu64k/fpga/ddr3_alpha_soc/ipuart16550</xilinx:tag>
        <xilinx:tag xilinx:name="ui.data.coregen.dd@8c85e80_ARCHIVE_LOCATION">e:/nano-cpu64k/fpga/ddr3_alpha_soc/ipuart16550</xilinx:tag>
        <xilinx:tag xilinx:name="ui.data.coregen.dd@4f31e484_ARCHIVE_LOCATION">e:/nano-cpu64k/fpga/ddr3_alpha_soc/ipuart16550</xilinx:tag>
        <xilinx:tag xilinx:name="ui.data.coregen.dd@7b4d30fd_ARCHIVE_LOCATION">e:/nano-cpu64k/fpga/ddr3_alpha_soc/ipuart16550</xilinx:tag>
        <xilinx:tag xilinx:name="ui.data.coregen.dd@29241131_ARCHIVE_LOCATION">e:/nano-cpu64k/fpga/ddr3_alpha_soc/ipuart16550</xilinx:tag>
        <xilinx:tag xilinx:name="ui.data.coregen.dd@56c65e7e_ARCHIVE_LOCATION">e:/nano-cpu64k/fpga/ddr3_alpha_soc/ipuart16550</xilinx:tag>
        <xilinx:tag xilinx:name="ui.data.coregen.dd@77d3e7_ARCHIVE_LOCATION">e:/nano-cpu64k/fpga/ddr3_alpha_soc/ipuart16550</xilinx:tag>
        <xilinx:tag xilinx:name="ui.data.coregen.dd@784f6aed_ARCHIVE_LOCATION">e:/nano-cpu64k/fpga/ddr3_alpha_soc/ipuart16550</xilinx:tag>
        <xilinx:tag xilinx:name="ui.data.coregen.dd@3597041_ARCHIVE_LOCATION">e:/nano-cpu64k/fpga/ddr3_alpha_soc/ipuart16550</xilinx:tag>
        <xilinx:tag xilinx:name="ui.data.coregen.dd@61ac93d5_ARCHIVE_LOCATION">e:/nano-cpu64k/fpga/ddr3_alpha_soc/ipuart16550</xilinx:tag>
        <xilinx:tag xilinx:name="ui.data.coregen.dd@3674d1a6_ARCHIVE_LOCATION">e:/nano-cpu64k/fpga/ddr3_alpha_soc/ipuart16550</xilinx:tag>
        <xilinx:tag xilinx:name="ui.data.coregen.dd@6d4318dc_ARCHIVE_LOCATION">e:/nano-cpu64k/fpga/ddr3_alpha_soc/ipuart16550</xilinx:tag>
        <xilinx:tag xilinx:name="ui.data.coregen.dd@3ac09c31_ARCHIVE_LOCATION">e:/nano-cpu64k/fpga/ddr3_alpha_soc/ipuart16550</xilinx:tag>
        <xilinx:tag xilinx:name="ui.data.coregen.dd@745efe97_ARCHIVE_LOCATION">e:/nano-cpu64k/fpga/ddr3_alpha_soc/ipuart16550</xilinx:tag>
        <xilinx:tag xilinx:name="ui.data.coregen.dd@1a380426_ARCHIVE_LOCATION">e:/nano-cpu64k/fpga/ddr3_alpha_soc/ipuart16550</xilinx:tag>
        <xilinx:tag xilinx:name="ui.data.coregen.dd@245c41d0_ARCHIVE_LOCATION">e:/nano-cpu64k/fpga/ddr3_alpha_soc/ipuart16550</xilinx:tag>
        <xilinx:tag xilinx:name="ui.data.coregen.dd@3c798b23_ARCHIVE_LOCATION">e:/nano-cpu64k/fpga/ddr3_alpha_soc/ipuart16550</xilinx:tag>
        <xilinx:tag xilinx:name="ui.data.coregen.dd@4c019aba_ARCHIVE_LOCATION">e:/nano-cpu64k/fpga/ddr3_alpha_soc/ipuart16550</xilinx:tag>
        <xilinx:tag xilinx:name="ui.data.coregen.dd@69a4003e_ARCHIVE_LOCATION">e:/nano-cpu64k/fpga/ddr3_alpha_soc/ipuart16550</xilinx:tag>
        <xilinx:tag xilinx:name="ui.data.coregen.dd@36dbadd1_ARCHIVE_LOCATION">e:/nano-cpu64k/fpga/ddr3_alpha_soc/ipuart16550</xilinx:tag>
        <xilinx:tag xilinx:name="ui.data.coregen.dd@544c504d_ARCHIVE_LOCATION">e:/nano-cpu64k/fpga/ddr3_alpha_soc/ipuart16550</xilinx:tag>
        <xilinx:tag xilinx:name="ui.data.coregen.dd@3b519c63_ARCHIVE_LOCATION">e:/nano-cpu64k/fpga/ddr3_alpha_soc/ipuart16550</xilinx:tag>
        <xilinx:tag xilinx:name="ui.data.coregen.dd@6e6d032_ARCHIVE_LOCATION">e:/nano-cpu64k/fpga/ddr3_alpha_soc/ipuart16550</xilinx:tag>
      </xilinx:tags>
    </xilinx:coreExtensions>
    <xilinx:packagingInfo>
      <xilinx:xilinxVersion>2019.2</xilinx:xilinxVersion>
      <xilinx:checksum xilinx:scope="busInterfaces" xilinx:value="492ee566"/>
      <xilinx:checksum xilinx:scope="fileGroups" xilinx:value="8b6349bc"/>
      <xilinx:checksum xilinx:scope="ports" xilinx:value="38b8a22e"/>
      <xilinx:checksum xilinx:scope="parameters" xilinx:value="1a602efb"/>
    </xilinx:packagingInfo>
  </spirit:vendorExtensions>
</spirit:component>
