<?xml version="1.0" encoding="UTF-8"?>
<spirit:component xmlns:xilinx="http://www.xilinx.com" xmlns:spirit="http://www.spiritconsortium.org/XMLSchema/SPIRIT/1685-2009" xmlns:xsi="http://www.w3.org/2001/XMLSchema-instance">
  <spirit:vendor>xilinx.com</spirit:vendor>
  <spirit:library>user</spirit:library>
  <spirit:name>ysyx_20210479_wrapper</spirit:name>
  <spirit:version>1.0</spirit:version>
  <spirit:busInterfaces>
    <spirit:busInterface>
      <spirit:name>reset</spirit:name>
      <spirit:busType spirit:vendor="xilinx.com" spirit:library="signal" spirit:name="reset" spirit:version="1.0"/>
      <spirit:abstractionType spirit:vendor="xilinx.com" spirit:library="signal" spirit:name="reset_rtl" spirit:version="1.0"/>
      <spirit:slave/>
      <spirit:portMaps>
        <spirit:portMap>
          <spirit:logicalPort>
            <spirit:name>RST</spirit:name>
          </spirit:logicalPort>
          <spirit:physicalPort>
            <spirit:name>reset</spirit:name>
          </spirit:physicalPort>
        </spirit:portMap>
      </spirit:portMaps>
      <spirit:parameters>
        <spirit:parameter>
          <spirit:name>POLARITY</spirit:name>
          <spirit:value spirit:id="BUSIFPARAM_VALUE.RESET.POLARITY">ACTIVE_HIGH</spirit:value>
        </spirit:parameter>
      </spirit:parameters>
    </spirit:busInterface>
    <spirit:busInterface>
      <spirit:name>clock</spirit:name>
      <spirit:busType spirit:vendor="xilinx.com" spirit:library="signal" spirit:name="clock" spirit:version="1.0"/>
      <spirit:abstractionType spirit:vendor="xilinx.com" spirit:library="signal" spirit:name="clock_rtl" spirit:version="1.0"/>
      <spirit:slave/>
      <spirit:portMaps>
        <spirit:portMap>
          <spirit:logicalPort>
            <spirit:name>CLK</spirit:name>
          </spirit:logicalPort>
          <spirit:physicalPort>
            <spirit:name>clock</spirit:name>
          </spirit:physicalPort>
        </spirit:portMap>
      </spirit:portMaps>
      <spirit:parameters>
        <spirit:parameter>
          <spirit:name>ASSOCIATED_BUSIF</spirit:name>
          <spirit:value spirit:id="BUSIFPARAM_VALUE.CLOCK.ASSOCIATED_BUSIF">m:M00_AXI</spirit:value>
        </spirit:parameter>
        <spirit:parameter>
          <spirit:name>ASSOCIATED_RESET</spirit:name>
          <spirit:value spirit:id="BUSIFPARAM_VALUE.CLOCK.ASSOCIATED_RESET">interrupt:reset</spirit:value>
        </spirit:parameter>
      </spirit:parameters>
    </spirit:busInterface>
    <spirit:busInterface>
      <spirit:name>interrupt</spirit:name>
      <spirit:busType spirit:vendor="xilinx.com" spirit:library="signal" spirit:name="interrupt" spirit:version="1.0"/>
      <spirit:abstractionType spirit:vendor="xilinx.com" spirit:library="signal" spirit:name="interrupt_rtl" spirit:version="1.0"/>
      <spirit:slave/>
      <spirit:portMaps>
        <spirit:portMap>
          <spirit:logicalPort>
            <spirit:name>INTERRUPT</spirit:name>
          </spirit:logicalPort>
          <spirit:physicalPort>
            <spirit:name>interrupt</spirit:name>
          </spirit:physicalPort>
        </spirit:portMap>
      </spirit:portMaps>
      <spirit:parameters>
        <spirit:parameter>
          <spirit:name>SENSITIVITY</spirit:name>
          <spirit:value spirit:id="BUSIFPARAM_VALUE.INTERRUPT.SENSITIVITY" spirit:choiceRef="choice_list_99a1d2b9">LEVEL_HIGH</spirit:value>
        </spirit:parameter>
      </spirit:parameters>
    </spirit:busInterface>
    <spirit:busInterface>
      <spirit:name>M00_AXI</spirit:name>
      <spirit:busType spirit:vendor="xilinx.com" spirit:library="interface" spirit:name="aximm" spirit:version="1.0"/>
      <spirit:abstractionType spirit:vendor="xilinx.com" spirit:library="interface" spirit:name="aximm_rtl" spirit:version="1.0"/>
      <spirit:master>
        <spirit:addressSpaceRef spirit:addressSpaceRef="M00_AXI"/>
      </spirit:master>
      <spirit:portMaps>
        <spirit:portMap>
          <spirit:logicalPort>
            <spirit:name>AWID</spirit:name>
          </spirit:logicalPort>
          <spirit:physicalPort>
            <spirit:name>m_awid</spirit:name>
          </spirit:physicalPort>
        </spirit:portMap>
        <spirit:portMap>
          <spirit:logicalPort>
            <spirit:name>AWADDR</spirit:name>
          </spirit:logicalPort>
          <spirit:physicalPort>
            <spirit:name>m_awaddr</spirit:name>
          </spirit:physicalPort>
        </spirit:portMap>
        <spirit:portMap>
          <spirit:logicalPort>
            <spirit:name>AWLEN</spirit:name>
          </spirit:logicalPort>
          <spirit:physicalPort>
            <spirit:name>m_awlen</spirit:name>
          </spirit:physicalPort>
        </spirit:portMap>
        <spirit:portMap>
          <spirit:logicalPort>
            <spirit:name>AWSIZE</spirit:name>
          </spirit:logicalPort>
          <spirit:physicalPort>
            <spirit:name>m_awsize</spirit:name>
          </spirit:physicalPort>
        </spirit:portMap>
        <spirit:portMap>
          <spirit:logicalPort>
            <spirit:name>AWBURST</spirit:name>
          </spirit:logicalPort>
          <spirit:physicalPort>
            <spirit:name>m_awburst</spirit:name>
          </spirit:physicalPort>
        </spirit:portMap>
        <spirit:portMap>
          <spirit:logicalPort>
            <spirit:name>AWLOCK</spirit:name>
          </spirit:logicalPort>
          <spirit:physicalPort>
            <spirit:name>m_awlock</spirit:name>
          </spirit:physicalPort>
        </spirit:portMap>
        <spirit:portMap>
          <spirit:logicalPort>
            <spirit:name>AWCACHE</spirit:name>
          </spirit:logicalPort>
          <spirit:physicalPort>
            <spirit:name>m_awcache</spirit:name>
          </spirit:physicalPort>
        </spirit:portMap>
        <spirit:portMap>
          <spirit:logicalPort>
            <spirit:name>AWPROT</spirit:name>
          </spirit:logicalPort>
          <spirit:physicalPort>
            <spirit:name>m_awprot</spirit:name>
          </spirit:physicalPort>
        </spirit:portMap>
        <spirit:portMap>
          <spirit:logicalPort>
            <spirit:name>AWREGION</spirit:name>
          </spirit:logicalPort>
          <spirit:physicalPort>
            <spirit:name>m_awregion</spirit:name>
          </spirit:physicalPort>
        </spirit:portMap>
        <spirit:portMap>
          <spirit:logicalPort>
            <spirit:name>AWQOS</spirit:name>
          </spirit:logicalPort>
          <spirit:physicalPort>
            <spirit:name>m_awqos</spirit:name>
          </spirit:physicalPort>
        </spirit:portMap>
        <spirit:portMap>
          <spirit:logicalPort>
            <spirit:name>AWVALID</spirit:name>
          </spirit:logicalPort>
          <spirit:physicalPort>
            <spirit:name>m_awvalid</spirit:name>
          </spirit:physicalPort>
        </spirit:portMap>
        <spirit:portMap>
          <spirit:logicalPort>
            <spirit:name>AWREADY</spirit:name>
          </spirit:logicalPort>
          <spirit:physicalPort>
            <spirit:name>m_awready</spirit:name>
          </spirit:physicalPort>
        </spirit:portMap>
        <spirit:portMap>
          <spirit:logicalPort>
            <spirit:name>WDATA</spirit:name>
          </spirit:logicalPort>
          <spirit:physicalPort>
            <spirit:name>m_wdata</spirit:name>
          </spirit:physicalPort>
        </spirit:portMap>
        <spirit:portMap>
          <spirit:logicalPort>
            <spirit:name>WSTRB</spirit:name>
          </spirit:logicalPort>
          <spirit:physicalPort>
            <spirit:name>m_wstrb</spirit:name>
          </spirit:physicalPort>
        </spirit:portMap>
        <spirit:portMap>
          <spirit:logicalPort>
            <spirit:name>WLAST</spirit:name>
          </spirit:logicalPort>
          <spirit:physicalPort>
            <spirit:name>m_wlast</spirit:name>
          </spirit:physicalPort>
        </spirit:portMap>
        <spirit:portMap>
          <spirit:logicalPort>
            <spirit:name>WVALID</spirit:name>
          </spirit:logicalPort>
          <spirit:physicalPort>
            <spirit:name>m_wvalid</spirit:name>
          </spirit:physicalPort>
        </spirit:portMap>
        <spirit:portMap>
          <spirit:logicalPort>
            <spirit:name>WREADY</spirit:name>
          </spirit:logicalPort>
          <spirit:physicalPort>
            <spirit:name>m_wready</spirit:name>
          </spirit:physicalPort>
        </spirit:portMap>
        <spirit:portMap>
          <spirit:logicalPort>
            <spirit:name>BID</spirit:name>
          </spirit:logicalPort>
          <spirit:physicalPort>
            <spirit:name>m_bid</spirit:name>
          </spirit:physicalPort>
        </spirit:portMap>
        <spirit:portMap>
          <spirit:logicalPort>
            <spirit:name>BRESP</spirit:name>
          </spirit:logicalPort>
          <spirit:physicalPort>
            <spirit:name>m_bresp</spirit:name>
          </spirit:physicalPort>
        </spirit:portMap>
        <spirit:portMap>
          <spirit:logicalPort>
            <spirit:name>BVALID</spirit:name>
          </spirit:logicalPort>
          <spirit:physicalPort>
            <spirit:name>m_bvalid</spirit:name>
          </spirit:physicalPort>
        </spirit:portMap>
        <spirit:portMap>
          <spirit:logicalPort>
            <spirit:name>BREADY</spirit:name>
          </spirit:logicalPort>
          <spirit:physicalPort>
            <spirit:name>m_bready</spirit:name>
          </spirit:physicalPort>
        </spirit:portMap>
        <spirit:portMap>
          <spirit:logicalPort>
            <spirit:name>ARID</spirit:name>
          </spirit:logicalPort>
          <spirit:physicalPort>
            <spirit:name>m_arid</spirit:name>
          </spirit:physicalPort>
        </spirit:portMap>
        <spirit:portMap>
          <spirit:logicalPort>
            <spirit:name>ARADDR</spirit:name>
          </spirit:logicalPort>
          <spirit:physicalPort>
            <spirit:name>m_araddr</spirit:name>
          </spirit:physicalPort>
        </spirit:portMap>
        <spirit:portMap>
          <spirit:logicalPort>
            <spirit:name>ARLEN</spirit:name>
          </spirit:logicalPort>
          <spirit:physicalPort>
            <spirit:name>m_arlen</spirit:name>
          </spirit:physicalPort>
        </spirit:portMap>
        <spirit:portMap>
          <spirit:logicalPort>
            <spirit:name>ARSIZE</spirit:name>
          </spirit:logicalPort>
          <spirit:physicalPort>
            <spirit:name>m_arsize</spirit:name>
          </spirit:physicalPort>
        </spirit:portMap>
        <spirit:portMap>
          <spirit:logicalPort>
            <spirit:name>ARBURST</spirit:name>
          </spirit:logicalPort>
          <spirit:physicalPort>
            <spirit:name>m_arburst</spirit:name>
          </spirit:physicalPort>
        </spirit:portMap>
        <spirit:portMap>
          <spirit:logicalPort>
            <spirit:name>ARLOCK</spirit:name>
          </spirit:logicalPort>
          <spirit:physicalPort>
            <spirit:name>m_arlock</spirit:name>
          </spirit:physicalPort>
        </spirit:portMap>
        <spirit:portMap>
          <spirit:logicalPort>
            <spirit:name>ARCACHE</spirit:name>
          </spirit:logicalPort>
          <spirit:physicalPort>
            <spirit:name>m_arcache</spirit:name>
          </spirit:physicalPort>
        </spirit:portMap>
        <spirit:portMap>
          <spirit:logicalPort>
            <spirit:name>ARPROT</spirit:name>
          </spirit:logicalPort>
          <spirit:physicalPort>
            <spirit:name>m_arprot</spirit:name>
          </spirit:physicalPort>
        </spirit:portMap>
        <spirit:portMap>
          <spirit:logicalPort>
            <spirit:name>ARREGION</spirit:name>
          </spirit:logicalPort>
          <spirit:physicalPort>
            <spirit:name>m_arregion</spirit:name>
          </spirit:physicalPort>
        </spirit:portMap>
        <spirit:portMap>
          <spirit:logicalPort>
            <spirit:name>ARQOS</spirit:name>
          </spirit:logicalPort>
          <spirit:physicalPort>
            <spirit:name>m_arqos</spirit:name>
          </spirit:physicalPort>
        </spirit:portMap>
        <spirit:portMap>
          <spirit:logicalPort>
            <spirit:name>ARVALID</spirit:name>
          </spirit:logicalPort>
          <spirit:physicalPort>
            <spirit:name>m_arvalid</spirit:name>
          </spirit:physicalPort>
        </spirit:portMap>
        <spirit:portMap>
          <spirit:logicalPort>
            <spirit:name>ARREADY</spirit:name>
          </spirit:logicalPort>
          <spirit:physicalPort>
            <spirit:name>m_arready</spirit:name>
          </spirit:physicalPort>
        </spirit:portMap>
        <spirit:portMap>
          <spirit:logicalPort>
            <spirit:name>RID</spirit:name>
          </spirit:logicalPort>
          <spirit:physicalPort>
            <spirit:name>m_rid</spirit:name>
          </spirit:physicalPort>
        </spirit:portMap>
        <spirit:portMap>
          <spirit:logicalPort>
            <spirit:name>RDATA</spirit:name>
          </spirit:logicalPort>
          <spirit:physicalPort>
            <spirit:name>m_rdata</spirit:name>
          </spirit:physicalPort>
        </spirit:portMap>
        <spirit:portMap>
          <spirit:logicalPort>
            <spirit:name>RRESP</spirit:name>
          </spirit:logicalPort>
          <spirit:physicalPort>
            <spirit:name>m_rresp</spirit:name>
          </spirit:physicalPort>
        </spirit:portMap>
        <spirit:portMap>
          <spirit:logicalPort>
            <spirit:name>RLAST</spirit:name>
          </spirit:logicalPort>
          <spirit:physicalPort>
            <spirit:name>m_rlast</spirit:name>
          </spirit:physicalPort>
        </spirit:portMap>
        <spirit:portMap>
          <spirit:logicalPort>
            <spirit:name>RVALID</spirit:name>
          </spirit:logicalPort>
          <spirit:physicalPort>
            <spirit:name>m_rvalid</spirit:name>
          </spirit:physicalPort>
        </spirit:portMap>
        <spirit:portMap>
          <spirit:logicalPort>
            <spirit:name>RREADY</spirit:name>
          </spirit:logicalPort>
          <spirit:physicalPort>
            <spirit:name>m_rready</spirit:name>
          </spirit:physicalPort>
        </spirit:portMap>
      </spirit:portMaps>
    </spirit:busInterface>
  </spirit:busInterfaces>
  <spirit:addressSpaces>
    <spirit:addressSpace>
      <spirit:name>M00_AXI</spirit:name>
      <spirit:range spirit:format="long">4294967296</spirit:range>
      <spirit:width spirit:format="long">1</spirit:width>
    </spirit:addressSpace>
  </spirit:addressSpaces>
  <spirit:model>
    <spirit:views>
      <spirit:view>
        <spirit:name>xilinx_anylanguagesynthesis</spirit:name>
        <spirit:displayName>Synthesis</spirit:displayName>
        <spirit:envIdentifier>:vivado.xilinx.com:synthesis</spirit:envIdentifier>
        <spirit:language>Verilog</spirit:language>
        <spirit:modelName>ysyx_20210479_wrapper</spirit:modelName>
        <spirit:fileSetRef>
          <spirit:localName>xilinx_anylanguagesynthesis_view_fileset</spirit:localName>
        </spirit:fileSetRef>
        <spirit:parameters>
          <spirit:parameter>
            <spirit:name>viewChecksum</spirit:name>
            <spirit:value>f59a8668</spirit:value>
          </spirit:parameter>
        </spirit:parameters>
      </spirit:view>
      <spirit:view>
        <spirit:name>xilinx_anylanguagebehavioralsimulation</spirit:name>
        <spirit:displayName>Simulation</spirit:displayName>
        <spirit:envIdentifier>:vivado.xilinx.com:simulation</spirit:envIdentifier>
        <spirit:language>Verilog</spirit:language>
        <spirit:modelName>ysyx_20210479_wrapper</spirit:modelName>
        <spirit:fileSetRef>
          <spirit:localName>xilinx_anylanguagebehavioralsimulation_view_fileset</spirit:localName>
        </spirit:fileSetRef>
        <spirit:parameters>
          <spirit:parameter>
            <spirit:name>viewChecksum</spirit:name>
            <spirit:value>f59a8668</spirit:value>
          </spirit:parameter>
        </spirit:parameters>
      </spirit:view>
      <spirit:view>
        <spirit:name>xilinx_xpgui</spirit:name>
        <spirit:displayName>UI Layout</spirit:displayName>
        <spirit:envIdentifier>:vivado.xilinx.com:xgui.ui</spirit:envIdentifier>
        <spirit:fileSetRef>
          <spirit:localName>xilinx_xpgui_view_fileset</spirit:localName>
        </spirit:fileSetRef>
        <spirit:parameters>
          <spirit:parameter>
            <spirit:name>viewChecksum</spirit:name>
            <spirit:value>f64a5dae</spirit:value>
          </spirit:parameter>
        </spirit:parameters>
      </spirit:view>
    </spirit:views>
    <spirit:ports>
      <spirit:port>
        <spirit:name>clock</spirit:name>
        <spirit:wire>
          <spirit:direction>in</spirit:direction>
          <spirit:wireTypeDefs>
            <spirit:wireTypeDef>
              <spirit:typeName>std_logic</spirit:typeName>
              <spirit:viewNameRef>xilinx_anylanguagesynthesis</spirit:viewNameRef>
              <spirit:viewNameRef>xilinx_anylanguagebehavioralsimulation</spirit:viewNameRef>
            </spirit:wireTypeDef>
          </spirit:wireTypeDefs>
        </spirit:wire>
      </spirit:port>
      <spirit:port>
        <spirit:name>reset</spirit:name>
        <spirit:wire>
          <spirit:direction>in</spirit:direction>
          <spirit:wireTypeDefs>
            <spirit:wireTypeDef>
              <spirit:typeName>std_logic</spirit:typeName>
              <spirit:viewNameRef>xilinx_anylanguagesynthesis</spirit:viewNameRef>
              <spirit:viewNameRef>xilinx_anylanguagebehavioralsimulation</spirit:viewNameRef>
            </spirit:wireTypeDef>
          </spirit:wireTypeDefs>
        </spirit:wire>
      </spirit:port>
      <spirit:port>
        <spirit:name>interrupt</spirit:name>
        <spirit:wire>
          <spirit:direction>in</spirit:direction>
          <spirit:wireTypeDefs>
            <spirit:wireTypeDef>
              <spirit:typeName>std_logic</spirit:typeName>
              <spirit:viewNameRef>xilinx_anylanguagesynthesis</spirit:viewNameRef>
              <spirit:viewNameRef>xilinx_anylanguagebehavioralsimulation</spirit:viewNameRef>
            </spirit:wireTypeDef>
          </spirit:wireTypeDefs>
        </spirit:wire>
      </spirit:port>
      <spirit:port>
        <spirit:name>m_awaddr</spirit:name>
        <spirit:wire>
          <spirit:direction>out</spirit:direction>
          <spirit:vector>
            <spirit:left spirit:format="long">31</spirit:left>
            <spirit:right spirit:format="long">0</spirit:right>
          </spirit:vector>
          <spirit:wireTypeDefs>
            <spirit:wireTypeDef>
              <spirit:typeName>std_logic_vector</spirit:typeName>
              <spirit:viewNameRef>xilinx_anylanguagesynthesis</spirit:viewNameRef>
              <spirit:viewNameRef>xilinx_anylanguagebehavioralsimulation</spirit:viewNameRef>
            </spirit:wireTypeDef>
          </spirit:wireTypeDefs>
        </spirit:wire>
      </spirit:port>
      <spirit:port>
        <spirit:name>m_awid</spirit:name>
        <spirit:wire>
          <spirit:direction>out</spirit:direction>
          <spirit:vector>
            <spirit:left spirit:format="long">3</spirit:left>
            <spirit:right spirit:format="long">0</spirit:right>
          </spirit:vector>
          <spirit:wireTypeDefs>
            <spirit:wireTypeDef>
              <spirit:typeName>std_logic_vector</spirit:typeName>
              <spirit:viewNameRef>xilinx_anylanguagesynthesis</spirit:viewNameRef>
              <spirit:viewNameRef>xilinx_anylanguagebehavioralsimulation</spirit:viewNameRef>
            </spirit:wireTypeDef>
          </spirit:wireTypeDefs>
        </spirit:wire>
      </spirit:port>
      <spirit:port>
        <spirit:name>m_awlen</spirit:name>
        <spirit:wire>
          <spirit:direction>out</spirit:direction>
          <spirit:vector>
            <spirit:left spirit:format="long">7</spirit:left>
            <spirit:right spirit:format="long">0</spirit:right>
          </spirit:vector>
          <spirit:wireTypeDefs>
            <spirit:wireTypeDef>
              <spirit:typeName>std_logic_vector</spirit:typeName>
              <spirit:viewNameRef>xilinx_anylanguagesynthesis</spirit:viewNameRef>
              <spirit:viewNameRef>xilinx_anylanguagebehavioralsimulation</spirit:viewNameRef>
            </spirit:wireTypeDef>
          </spirit:wireTypeDefs>
        </spirit:wire>
      </spirit:port>
      <spirit:port>
        <spirit:name>m_awsize</spirit:name>
        <spirit:wire>
          <spirit:direction>out</spirit:direction>
          <spirit:vector>
            <spirit:left spirit:format="long">2</spirit:left>
            <spirit:right spirit:format="long">0</spirit:right>
          </spirit:vector>
          <spirit:wireTypeDefs>
            <spirit:wireTypeDef>
              <spirit:typeName>std_logic_vector</spirit:typeName>
              <spirit:viewNameRef>xilinx_anylanguagesynthesis</spirit:viewNameRef>
              <spirit:viewNameRef>xilinx_anylanguagebehavioralsimulation</spirit:viewNameRef>
            </spirit:wireTypeDef>
          </spirit:wireTypeDefs>
        </spirit:wire>
      </spirit:port>
      <spirit:port>
        <spirit:name>m_awburst</spirit:name>
        <spirit:wire>
          <spirit:direction>out</spirit:direction>
          <spirit:vector>
            <spirit:left spirit:format="long">1</spirit:left>
            <spirit:right spirit:format="long">0</spirit:right>
          </spirit:vector>
          <spirit:wireTypeDefs>
            <spirit:wireTypeDef>
              <spirit:typeName>std_logic_vector</spirit:typeName>
              <spirit:viewNameRef>xilinx_anylanguagesynthesis</spirit:viewNameRef>
              <spirit:viewNameRef>xilinx_anylanguagebehavioralsimulation</spirit:viewNameRef>
            </spirit:wireTypeDef>
          </spirit:wireTypeDefs>
        </spirit:wire>
      </spirit:port>
      <spirit:port>
        <spirit:name>m_awlock</spirit:name>
        <spirit:wire>
          <spirit:direction>out</spirit:direction>
          <spirit:vector>
            <spirit:left spirit:format="long">0</spirit:left>
            <spirit:right spirit:format="long">0</spirit:right>
          </spirit:vector>
          <spirit:wireTypeDefs>
            <spirit:wireTypeDef>
              <spirit:typeName>std_logic_vector</spirit:typeName>
              <spirit:viewNameRef>xilinx_anylanguagesynthesis</spirit:viewNameRef>
              <spirit:viewNameRef>xilinx_anylanguagebehavioralsimulation</spirit:viewNameRef>
            </spirit:wireTypeDef>
          </spirit:wireTypeDefs>
        </spirit:wire>
      </spirit:port>
      <spirit:port>
        <spirit:name>m_awcache</spirit:name>
        <spirit:wire>
          <spirit:direction>out</spirit:direction>
          <spirit:vector>
            <spirit:left spirit:format="long">3</spirit:left>
            <spirit:right spirit:format="long">0</spirit:right>
          </spirit:vector>
          <spirit:wireTypeDefs>
            <spirit:wireTypeDef>
              <spirit:typeName>std_logic_vector</spirit:typeName>
              <spirit:viewNameRef>xilinx_anylanguagesynthesis</spirit:viewNameRef>
              <spirit:viewNameRef>xilinx_anylanguagebehavioralsimulation</spirit:viewNameRef>
            </spirit:wireTypeDef>
          </spirit:wireTypeDefs>
        </spirit:wire>
      </spirit:port>
      <spirit:port>
        <spirit:name>m_awprot</spirit:name>
        <spirit:wire>
          <spirit:direction>out</spirit:direction>
          <spirit:vector>
            <spirit:left spirit:format="long">2</spirit:left>
            <spirit:right spirit:format="long">0</spirit:right>
          </spirit:vector>
          <spirit:wireTypeDefs>
            <spirit:wireTypeDef>
              <spirit:typeName>std_logic_vector</spirit:typeName>
              <spirit:viewNameRef>xilinx_anylanguagesynthesis</spirit:viewNameRef>
              <spirit:viewNameRef>xilinx_anylanguagebehavioralsimulation</spirit:viewNameRef>
            </spirit:wireTypeDef>
          </spirit:wireTypeDefs>
        </spirit:wire>
      </spirit:port>
      <spirit:port>
        <spirit:name>m_awregion</spirit:name>
        <spirit:wire>
          <spirit:direction>out</spirit:direction>
          <spirit:vector>
            <spirit:left spirit:format="long">3</spirit:left>
            <spirit:right spirit:format="long">0</spirit:right>
          </spirit:vector>
          <spirit:wireTypeDefs>
            <spirit:wireTypeDef>
              <spirit:typeName>std_logic_vector</spirit:typeName>
              <spirit:viewNameRef>xilinx_anylanguagesynthesis</spirit:viewNameRef>
              <spirit:viewNameRef>xilinx_anylanguagebehavioralsimulation</spirit:viewNameRef>
            </spirit:wireTypeDef>
          </spirit:wireTypeDefs>
        </spirit:wire>
      </spirit:port>
      <spirit:port>
        <spirit:name>m_awqos</spirit:name>
        <spirit:wire>
          <spirit:direction>out</spirit:direction>
          <spirit:vector>
            <spirit:left spirit:format="long">3</spirit:left>
            <spirit:right spirit:format="long">0</spirit:right>
          </spirit:vector>
          <spirit:wireTypeDefs>
            <spirit:wireTypeDef>
              <spirit:typeName>std_logic_vector</spirit:typeName>
              <spirit:viewNameRef>xilinx_anylanguagesynthesis</spirit:viewNameRef>
              <spirit:viewNameRef>xilinx_anylanguagebehavioralsimulation</spirit:viewNameRef>
            </spirit:wireTypeDef>
          </spirit:wireTypeDefs>
        </spirit:wire>
      </spirit:port>
      <spirit:port>
        <spirit:name>m_awvalid</spirit:name>
        <spirit:wire>
          <spirit:direction>out</spirit:direction>
          <spirit:wireTypeDefs>
            <spirit:wireTypeDef>
              <spirit:typeName>std_logic</spirit:typeName>
              <spirit:viewNameRef>xilinx_anylanguagesynthesis</spirit:viewNameRef>
              <spirit:viewNameRef>xilinx_anylanguagebehavioralsimulation</spirit:viewNameRef>
            </spirit:wireTypeDef>
          </spirit:wireTypeDefs>
        </spirit:wire>
      </spirit:port>
      <spirit:port>
        <spirit:name>m_awready</spirit:name>
        <spirit:wire>
          <spirit:direction>in</spirit:direction>
          <spirit:wireTypeDefs>
            <spirit:wireTypeDef>
              <spirit:typeName>std_logic</spirit:typeName>
              <spirit:viewNameRef>xilinx_anylanguagesynthesis</spirit:viewNameRef>
              <spirit:viewNameRef>xilinx_anylanguagebehavioralsimulation</spirit:viewNameRef>
            </spirit:wireTypeDef>
          </spirit:wireTypeDefs>
          <spirit:driver>
            <spirit:defaultValue spirit:format="long">0</spirit:defaultValue>
          </spirit:driver>
        </spirit:wire>
      </spirit:port>
      <spirit:port>
        <spirit:name>m_wdata</spirit:name>
        <spirit:wire>
          <spirit:direction>out</spirit:direction>
          <spirit:vector>
            <spirit:left spirit:format="long">63</spirit:left>
            <spirit:right spirit:format="long">0</spirit:right>
          </spirit:vector>
          <spirit:wireTypeDefs>
            <spirit:wireTypeDef>
              <spirit:typeName>std_logic_vector</spirit:typeName>
              <spirit:viewNameRef>xilinx_anylanguagesynthesis</spirit:viewNameRef>
              <spirit:viewNameRef>xilinx_anylanguagebehavioralsimulation</spirit:viewNameRef>
            </spirit:wireTypeDef>
          </spirit:wireTypeDefs>
        </spirit:wire>
      </spirit:port>
      <spirit:port>
        <spirit:name>m_wstrb</spirit:name>
        <spirit:wire>
          <spirit:direction>out</spirit:direction>
          <spirit:vector>
            <spirit:left spirit:format="long">7</spirit:left>
            <spirit:right spirit:format="long">0</spirit:right>
          </spirit:vector>
          <spirit:wireTypeDefs>
            <spirit:wireTypeDef>
              <spirit:typeName>std_logic_vector</spirit:typeName>
              <spirit:viewNameRef>xilinx_anylanguagesynthesis</spirit:viewNameRef>
              <spirit:viewNameRef>xilinx_anylanguagebehavioralsimulation</spirit:viewNameRef>
            </spirit:wireTypeDef>
          </spirit:wireTypeDefs>
        </spirit:wire>
      </spirit:port>
      <spirit:port>
        <spirit:name>m_wlast</spirit:name>
        <spirit:wire>
          <spirit:direction>out</spirit:direction>
          <spirit:wireTypeDefs>
            <spirit:wireTypeDef>
              <spirit:typeName>std_logic</spirit:typeName>
              <spirit:viewNameRef>xilinx_anylanguagesynthesis</spirit:viewNameRef>
              <spirit:viewNameRef>xilinx_anylanguagebehavioralsimulation</spirit:viewNameRef>
            </spirit:wireTypeDef>
          </spirit:wireTypeDefs>
        </spirit:wire>
      </spirit:port>
      <spirit:port>
        <spirit:name>m_wvalid</spirit:name>
        <spirit:wire>
          <spirit:direction>out</spirit:direction>
          <spirit:wireTypeDefs>
            <spirit:wireTypeDef>
              <spirit:typeName>std_logic</spirit:typeName>
              <spirit:viewNameRef>xilinx_anylanguagesynthesis</spirit:viewNameRef>
              <spirit:viewNameRef>xilinx_anylanguagebehavioralsimulation</spirit:viewNameRef>
            </spirit:wireTypeDef>
          </spirit:wireTypeDefs>
        </spirit:wire>
      </spirit:port>
      <spirit:port>
        <spirit:name>m_wready</spirit:name>
        <spirit:wire>
          <spirit:direction>in</spirit:direction>
          <spirit:wireTypeDefs>
            <spirit:wireTypeDef>
              <spirit:typeName>std_logic</spirit:typeName>
              <spirit:viewNameRef>xilinx_anylanguagesynthesis</spirit:viewNameRef>
              <spirit:viewNameRef>xilinx_anylanguagebehavioralsimulation</spirit:viewNameRef>
            </spirit:wireTypeDef>
          </spirit:wireTypeDefs>
          <spirit:driver>
            <spirit:defaultValue spirit:format="long">0</spirit:defaultValue>
          </spirit:driver>
        </spirit:wire>
      </spirit:port>
      <spirit:port>
        <spirit:name>m_bresp</spirit:name>
        <spirit:wire>
          <spirit:direction>in</spirit:direction>
          <spirit:vector>
            <spirit:left spirit:format="long">1</spirit:left>
            <spirit:right spirit:format="long">0</spirit:right>
          </spirit:vector>
          <spirit:wireTypeDefs>
            <spirit:wireTypeDef>
              <spirit:typeName>std_logic_vector</spirit:typeName>
              <spirit:viewNameRef>xilinx_anylanguagesynthesis</spirit:viewNameRef>
              <spirit:viewNameRef>xilinx_anylanguagebehavioralsimulation</spirit:viewNameRef>
            </spirit:wireTypeDef>
          </spirit:wireTypeDefs>
          <spirit:driver>
            <spirit:defaultValue spirit:format="long">0</spirit:defaultValue>
          </spirit:driver>
        </spirit:wire>
      </spirit:port>
      <spirit:port>
        <spirit:name>m_bvalid</spirit:name>
        <spirit:wire>
          <spirit:direction>in</spirit:direction>
          <spirit:wireTypeDefs>
            <spirit:wireTypeDef>
              <spirit:typeName>std_logic</spirit:typeName>
              <spirit:viewNameRef>xilinx_anylanguagesynthesis</spirit:viewNameRef>
              <spirit:viewNameRef>xilinx_anylanguagebehavioralsimulation</spirit:viewNameRef>
            </spirit:wireTypeDef>
          </spirit:wireTypeDefs>
          <spirit:driver>
            <spirit:defaultValue spirit:format="long">0</spirit:defaultValue>
          </spirit:driver>
        </spirit:wire>
      </spirit:port>
      <spirit:port>
        <spirit:name>m_bready</spirit:name>
        <spirit:wire>
          <spirit:direction>out</spirit:direction>
          <spirit:wireTypeDefs>
            <spirit:wireTypeDef>
              <spirit:typeName>std_logic</spirit:typeName>
              <spirit:viewNameRef>xilinx_anylanguagesynthesis</spirit:viewNameRef>
              <spirit:viewNameRef>xilinx_anylanguagebehavioralsimulation</spirit:viewNameRef>
            </spirit:wireTypeDef>
          </spirit:wireTypeDefs>
        </spirit:wire>
      </spirit:port>
      <spirit:port>
        <spirit:name>m_bid</spirit:name>
        <spirit:wire>
          <spirit:direction>in</spirit:direction>
          <spirit:vector>
            <spirit:left spirit:format="long">3</spirit:left>
            <spirit:right spirit:format="long">0</spirit:right>
          </spirit:vector>
          <spirit:wireTypeDefs>
            <spirit:wireTypeDef>
              <spirit:typeName>std_logic_vector</spirit:typeName>
              <spirit:viewNameRef>xilinx_anylanguagesynthesis</spirit:viewNameRef>
              <spirit:viewNameRef>xilinx_anylanguagebehavioralsimulation</spirit:viewNameRef>
            </spirit:wireTypeDef>
          </spirit:wireTypeDefs>
          <spirit:driver>
            <spirit:defaultValue spirit:format="long">0</spirit:defaultValue>
          </spirit:driver>
        </spirit:wire>
      </spirit:port>
      <spirit:port>
        <spirit:name>m_araddr</spirit:name>
        <spirit:wire>
          <spirit:direction>out</spirit:direction>
          <spirit:vector>
            <spirit:left spirit:format="long">31</spirit:left>
            <spirit:right spirit:format="long">0</spirit:right>
          </spirit:vector>
          <spirit:wireTypeDefs>
            <spirit:wireTypeDef>
              <spirit:typeName>std_logic_vector</spirit:typeName>
              <spirit:viewNameRef>xilinx_anylanguagesynthesis</spirit:viewNameRef>
              <spirit:viewNameRef>xilinx_anylanguagebehavioralsimulation</spirit:viewNameRef>
            </spirit:wireTypeDef>
          </spirit:wireTypeDefs>
        </spirit:wire>
      </spirit:port>
      <spirit:port>
        <spirit:name>m_arlen</spirit:name>
        <spirit:wire>
          <spirit:direction>out</spirit:direction>
          <spirit:vector>
            <spirit:left spirit:format="long">7</spirit:left>
            <spirit:right spirit:format="long">0</spirit:right>
          </spirit:vector>
          <spirit:wireTypeDefs>
            <spirit:wireTypeDef>
              <spirit:typeName>std_logic_vector</spirit:typeName>
              <spirit:viewNameRef>xilinx_anylanguagesynthesis</spirit:viewNameRef>
              <spirit:viewNameRef>xilinx_anylanguagebehavioralsimulation</spirit:viewNameRef>
            </spirit:wireTypeDef>
          </spirit:wireTypeDefs>
        </spirit:wire>
      </spirit:port>
      <spirit:port>
        <spirit:name>m_arid</spirit:name>
        <spirit:wire>
          <spirit:direction>out</spirit:direction>
          <spirit:vector>
            <spirit:left spirit:format="long">3</spirit:left>
            <spirit:right spirit:format="long">0</spirit:right>
          </spirit:vector>
          <spirit:wireTypeDefs>
            <spirit:wireTypeDef>
              <spirit:typeName>std_logic_vector</spirit:typeName>
              <spirit:viewNameRef>xilinx_anylanguagesynthesis</spirit:viewNameRef>
              <spirit:viewNameRef>xilinx_anylanguagebehavioralsimulation</spirit:viewNameRef>
            </spirit:wireTypeDef>
          </spirit:wireTypeDefs>
        </spirit:wire>
      </spirit:port>
      <spirit:port>
        <spirit:name>m_arsize</spirit:name>
        <spirit:wire>
          <spirit:direction>out</spirit:direction>
          <spirit:vector>
            <spirit:left spirit:format="long">2</spirit:left>
            <spirit:right spirit:format="long">0</spirit:right>
          </spirit:vector>
          <spirit:wireTypeDefs>
            <spirit:wireTypeDef>
              <spirit:typeName>std_logic_vector</spirit:typeName>
              <spirit:viewNameRef>xilinx_anylanguagesynthesis</spirit:viewNameRef>
              <spirit:viewNameRef>xilinx_anylanguagebehavioralsimulation</spirit:viewNameRef>
            </spirit:wireTypeDef>
          </spirit:wireTypeDefs>
        </spirit:wire>
      </spirit:port>
      <spirit:port>
        <spirit:name>m_arburst</spirit:name>
        <spirit:wire>
          <spirit:direction>out</spirit:direction>
          <spirit:vector>
            <spirit:left spirit:format="long">1</spirit:left>
            <spirit:right spirit:format="long">0</spirit:right>
          </spirit:vector>
          <spirit:wireTypeDefs>
            <spirit:wireTypeDef>
              <spirit:typeName>std_logic_vector</spirit:typeName>
              <spirit:viewNameRef>xilinx_anylanguagesynthesis</spirit:viewNameRef>
              <spirit:viewNameRef>xilinx_anylanguagebehavioralsimulation</spirit:viewNameRef>
            </spirit:wireTypeDef>
          </spirit:wireTypeDefs>
        </spirit:wire>
      </spirit:port>
      <spirit:port>
        <spirit:name>m_arlock</spirit:name>
        <spirit:wire>
          <spirit:direction>out</spirit:direction>
          <spirit:vector>
            <spirit:left spirit:format="long">0</spirit:left>
            <spirit:right spirit:format="long">0</spirit:right>
          </spirit:vector>
          <spirit:wireTypeDefs>
            <spirit:wireTypeDef>
              <spirit:typeName>std_logic_vector</spirit:typeName>
              <spirit:viewNameRef>xilinx_anylanguagesynthesis</spirit:viewNameRef>
              <spirit:viewNameRef>xilinx_anylanguagebehavioralsimulation</spirit:viewNameRef>
            </spirit:wireTypeDef>
          </spirit:wireTypeDefs>
        </spirit:wire>
      </spirit:port>
      <spirit:port>
        <spirit:name>m_arcache</spirit:name>
        <spirit:wire>
          <spirit:direction>out</spirit:direction>
          <spirit:vector>
            <spirit:left spirit:format="long">3</spirit:left>
            <spirit:right spirit:format="long">0</spirit:right>
          </spirit:vector>
          <spirit:wireTypeDefs>
            <spirit:wireTypeDef>
              <spirit:typeName>std_logic_vector</spirit:typeName>
              <spirit:viewNameRef>xilinx_anylanguagesynthesis</spirit:viewNameRef>
              <spirit:viewNameRef>xilinx_anylanguagebehavioralsimulation</spirit:viewNameRef>
            </spirit:wireTypeDef>
          </spirit:wireTypeDefs>
        </spirit:wire>
      </spirit:port>
      <spirit:port>
        <spirit:name>m_arprot</spirit:name>
        <spirit:wire>
          <spirit:direction>out</spirit:direction>
          <spirit:vector>
            <spirit:left spirit:format="long">2</spirit:left>
            <spirit:right spirit:format="long">0</spirit:right>
          </spirit:vector>
          <spirit:wireTypeDefs>
            <spirit:wireTypeDef>
              <spirit:typeName>std_logic_vector</spirit:typeName>
              <spirit:viewNameRef>xilinx_anylanguagesynthesis</spirit:viewNameRef>
              <spirit:viewNameRef>xilinx_anylanguagebehavioralsimulation</spirit:viewNameRef>
            </spirit:wireTypeDef>
          </spirit:wireTypeDefs>
        </spirit:wire>
      </spirit:port>
      <spirit:port>
        <spirit:name>m_arregion</spirit:name>
        <spirit:wire>
          <spirit:direction>out</spirit:direction>
          <spirit:vector>
            <spirit:left spirit:format="long">3</spirit:left>
            <spirit:right spirit:format="long">0</spirit:right>
          </spirit:vector>
          <spirit:wireTypeDefs>
            <spirit:wireTypeDef>
              <spirit:typeName>std_logic_vector</spirit:typeName>
              <spirit:viewNameRef>xilinx_anylanguagesynthesis</spirit:viewNameRef>
              <spirit:viewNameRef>xilinx_anylanguagebehavioralsimulation</spirit:viewNameRef>
            </spirit:wireTypeDef>
          </spirit:wireTypeDefs>
        </spirit:wire>
      </spirit:port>
      <spirit:port>
        <spirit:name>m_arqos</spirit:name>
        <spirit:wire>
          <spirit:direction>out</spirit:direction>
          <spirit:vector>
            <spirit:left spirit:format="long">3</spirit:left>
            <spirit:right spirit:format="long">0</spirit:right>
          </spirit:vector>
          <spirit:wireTypeDefs>
            <spirit:wireTypeDef>
              <spirit:typeName>std_logic_vector</spirit:typeName>
              <spirit:viewNameRef>xilinx_anylanguagesynthesis</spirit:viewNameRef>
              <spirit:viewNameRef>xilinx_anylanguagebehavioralsimulation</spirit:viewNameRef>
            </spirit:wireTypeDef>
          </spirit:wireTypeDefs>
        </spirit:wire>
      </spirit:port>
      <spirit:port>
        <spirit:name>m_arvalid</spirit:name>
        <spirit:wire>
          <spirit:direction>out</spirit:direction>
          <spirit:wireTypeDefs>
            <spirit:wireTypeDef>
              <spirit:typeName>std_logic</spirit:typeName>
              <spirit:viewNameRef>xilinx_anylanguagesynthesis</spirit:viewNameRef>
              <spirit:viewNameRef>xilinx_anylanguagebehavioralsimulation</spirit:viewNameRef>
            </spirit:wireTypeDef>
          </spirit:wireTypeDefs>
        </spirit:wire>
      </spirit:port>
      <spirit:port>
        <spirit:name>m_arready</spirit:name>
        <spirit:wire>
          <spirit:direction>in</spirit:direction>
          <spirit:wireTypeDefs>
            <spirit:wireTypeDef>
              <spirit:typeName>std_logic</spirit:typeName>
              <spirit:viewNameRef>xilinx_anylanguagesynthesis</spirit:viewNameRef>
              <spirit:viewNameRef>xilinx_anylanguagebehavioralsimulation</spirit:viewNameRef>
            </spirit:wireTypeDef>
          </spirit:wireTypeDefs>
          <spirit:driver>
            <spirit:defaultValue spirit:format="long">0</spirit:defaultValue>
          </spirit:driver>
        </spirit:wire>
      </spirit:port>
      <spirit:port>
        <spirit:name>m_rdata</spirit:name>
        <spirit:wire>
          <spirit:direction>in</spirit:direction>
          <spirit:vector>
            <spirit:left spirit:format="long">63</spirit:left>
            <spirit:right spirit:format="long">0</spirit:right>
          </spirit:vector>
          <spirit:wireTypeDefs>
            <spirit:wireTypeDef>
              <spirit:typeName>std_logic_vector</spirit:typeName>
              <spirit:viewNameRef>xilinx_anylanguagesynthesis</spirit:viewNameRef>
              <spirit:viewNameRef>xilinx_anylanguagebehavioralsimulation</spirit:viewNameRef>
            </spirit:wireTypeDef>
          </spirit:wireTypeDefs>
          <spirit:driver>
            <spirit:defaultValue spirit:format="long">0</spirit:defaultValue>
          </spirit:driver>
        </spirit:wire>
      </spirit:port>
      <spirit:port>
        <spirit:name>m_rresp</spirit:name>
        <spirit:wire>
          <spirit:direction>in</spirit:direction>
          <spirit:vector>
            <spirit:left spirit:format="long">1</spirit:left>
            <spirit:right spirit:format="long">0</spirit:right>
          </spirit:vector>
          <spirit:wireTypeDefs>
            <spirit:wireTypeDef>
              <spirit:typeName>std_logic_vector</spirit:typeName>
              <spirit:viewNameRef>xilinx_anylanguagesynthesis</spirit:viewNameRef>
              <spirit:viewNameRef>xilinx_anylanguagebehavioralsimulation</spirit:viewNameRef>
            </spirit:wireTypeDef>
          </spirit:wireTypeDefs>
          <spirit:driver>
            <spirit:defaultValue spirit:format="long">0</spirit:defaultValue>
          </spirit:driver>
        </spirit:wire>
      </spirit:port>
      <spirit:port>
        <spirit:name>m_rlast</spirit:name>
        <spirit:wire>
          <spirit:direction>in</spirit:direction>
          <spirit:wireTypeDefs>
            <spirit:wireTypeDef>
              <spirit:typeName>std_logic</spirit:typeName>
              <spirit:viewNameRef>xilinx_anylanguagesynthesis</spirit:viewNameRef>
              <spirit:viewNameRef>xilinx_anylanguagebehavioralsimulation</spirit:viewNameRef>
            </spirit:wireTypeDef>
          </spirit:wireTypeDefs>
          <spirit:driver>
            <spirit:defaultValue spirit:format="long">0</spirit:defaultValue>
          </spirit:driver>
        </spirit:wire>
      </spirit:port>
      <spirit:port>
        <spirit:name>m_rvalid</spirit:name>
        <spirit:wire>
          <spirit:direction>in</spirit:direction>
          <spirit:wireTypeDefs>
            <spirit:wireTypeDef>
              <spirit:typeName>std_logic</spirit:typeName>
              <spirit:viewNameRef>xilinx_anylanguagesynthesis</spirit:viewNameRef>
              <spirit:viewNameRef>xilinx_anylanguagebehavioralsimulation</spirit:viewNameRef>
            </spirit:wireTypeDef>
          </spirit:wireTypeDefs>
          <spirit:driver>
            <spirit:defaultValue spirit:format="long">0</spirit:defaultValue>
          </spirit:driver>
        </spirit:wire>
      </spirit:port>
      <spirit:port>
        <spirit:name>m_rready</spirit:name>
        <spirit:wire>
          <spirit:direction>out</spirit:direction>
          <spirit:wireTypeDefs>
            <spirit:wireTypeDef>
              <spirit:typeName>std_logic</spirit:typeName>
              <spirit:viewNameRef>xilinx_anylanguagesynthesis</spirit:viewNameRef>
              <spirit:viewNameRef>xilinx_anylanguagebehavioralsimulation</spirit:viewNameRef>
            </spirit:wireTypeDef>
          </spirit:wireTypeDefs>
        </spirit:wire>
      </spirit:port>
      <spirit:port>
        <spirit:name>m_rid</spirit:name>
        <spirit:wire>
          <spirit:direction>in</spirit:direction>
          <spirit:vector>
            <spirit:left spirit:format="long">3</spirit:left>
            <spirit:right spirit:format="long">0</spirit:right>
          </spirit:vector>
          <spirit:wireTypeDefs>
            <spirit:wireTypeDef>
              <spirit:typeName>std_logic_vector</spirit:typeName>
              <spirit:viewNameRef>xilinx_anylanguagesynthesis</spirit:viewNameRef>
              <spirit:viewNameRef>xilinx_anylanguagebehavioralsimulation</spirit:viewNameRef>
            </spirit:wireTypeDef>
          </spirit:wireTypeDefs>
          <spirit:driver>
            <spirit:defaultValue spirit:format="long">0</spirit:defaultValue>
          </spirit:driver>
        </spirit:wire>
      </spirit:port>
    </spirit:ports>
  </spirit:model>
  <spirit:choices>
    <spirit:choice>
      <spirit:name>choice_list_99a1d2b9</spirit:name>
      <spirit:enumeration>LEVEL_HIGH</spirit:enumeration>
      <spirit:enumeration>LEVEL_LOW</spirit:enumeration>
      <spirit:enumeration>EDGE_RISING</spirit:enumeration>
      <spirit:enumeration>EDGE_FALLING</spirit:enumeration>
    </spirit:choice>
  </spirit:choices>
  <spirit:fileSets>
    <spirit:fileSet>
      <spirit:name>xilinx_anylanguagesynthesis_view_fileset</spirit:name>
      <spirit:file>
        <spirit:name>../../../pdk-lib/rtl/S011HD1P_X32Y2D128_BW.v</spirit:name>
        <spirit:fileType>verilogSource</spirit:fileType>
        <spirit:userFileType>USED_IN_ipstatic</spirit:userFileType>
      </spirit:file>
      <spirit:file>
        <spirit:name>../../../build/ysyx_210479.v</spirit:name>
        <spirit:fileType>verilogSource</spirit:fileType>
        <spirit:userFileType>USED_IN_ipstatic</spirit:userFileType>
      </spirit:file>
      <spirit:file>
        <spirit:name>ysyx_20210479_wrapper.v</spirit:name>
        <spirit:fileType>verilogSource</spirit:fileType>
        <spirit:userFileType>CHECKSUM_23b8490d</spirit:userFileType>
      </spirit:file>
    </spirit:fileSet>
    <spirit:fileSet>
      <spirit:name>xilinx_anylanguagebehavioralsimulation_view_fileset</spirit:name>
      <spirit:file>
        <spirit:name>../../../pdk-lib/rtl/S011HD1P_X32Y2D128_BW.v</spirit:name>
        <spirit:fileType>verilogSource</spirit:fileType>
        <spirit:userFileType>USED_IN_ipstatic</spirit:userFileType>
      </spirit:file>
      <spirit:file>
        <spirit:name>../../../build/ysyx_210479.v</spirit:name>
        <spirit:fileType>verilogSource</spirit:fileType>
        <spirit:userFileType>USED_IN_ipstatic</spirit:userFileType>
      </spirit:file>
      <spirit:file>
        <spirit:name>ysyx_20210479_wrapper.v</spirit:name>
        <spirit:fileType>verilogSource</spirit:fileType>
      </spirit:file>
    </spirit:fileSet>
    <spirit:fileSet>
      <spirit:name>xilinx_xpgui_view_fileset</spirit:name>
      <spirit:file>
        <spirit:name>xgui/ysyx_20210479_wrapper_v1_0.tcl</spirit:name>
        <spirit:fileType>tclSource</spirit:fileType>
        <spirit:userFileType>CHECKSUM_f64a5dae</spirit:userFileType>
        <spirit:userFileType>XGUI_VERSION_2</spirit:userFileType>
      </spirit:file>
    </spirit:fileSet>
  </spirit:fileSets>
  <spirit:description>ysyx_20210479_wrapper_v1_0</spirit:description>
  <spirit:parameters>
    <spirit:parameter>
      <spirit:name>Component_Name</spirit:name>
      <spirit:value spirit:resolve="user" spirit:id="PARAM_VALUE.Component_Name" spirit:order="1">ysyx_20210479_wrapper_v1_0</spirit:value>
    </spirit:parameter>
  </spirit:parameters>
  <spirit:vendorExtensions>
    <xilinx:coreExtensions>
      <xilinx:supportedFamilies>
        <xilinx:family xilinx:lifeCycle="Production">virtex7</xilinx:family>
        <xilinx:family xilinx:lifeCycle="Production">qvirtex7</xilinx:family>
        <xilinx:family xilinx:lifeCycle="Production">kintex7</xilinx:family>
        <xilinx:family xilinx:lifeCycle="Production">kintex7l</xilinx:family>
        <xilinx:family xilinx:lifeCycle="Production">qkintex7</xilinx:family>
        <xilinx:family xilinx:lifeCycle="Production">qkintex7l</xilinx:family>
        <xilinx:family xilinx:lifeCycle="Production">akintex7</xilinx:family>
        <xilinx:family xilinx:lifeCycle="Production">artix7</xilinx:family>
        <xilinx:family xilinx:lifeCycle="Production">artix7l</xilinx:family>
        <xilinx:family xilinx:lifeCycle="Production">aartix7</xilinx:family>
        <xilinx:family xilinx:lifeCycle="Production">qartix7</xilinx:family>
        <xilinx:family xilinx:lifeCycle="Production">zynq</xilinx:family>
        <xilinx:family xilinx:lifeCycle="Production">qzynq</xilinx:family>
        <xilinx:family xilinx:lifeCycle="Production">azynq</xilinx:family>
        <xilinx:family xilinx:lifeCycle="Production">spartan7</xilinx:family>
        <xilinx:family xilinx:lifeCycle="Production">aspartan7</xilinx:family>
        <xilinx:family xilinx:lifeCycle="Production">virtexu</xilinx:family>
        <xilinx:family xilinx:lifeCycle="Production">zynquplus</xilinx:family>
        <xilinx:family xilinx:lifeCycle="Production">virtexuplus</xilinx:family>
        <xilinx:family xilinx:lifeCycle="Production">virtexuplusHBM</xilinx:family>
        <xilinx:family xilinx:lifeCycle="Production">virtexuplus58g</xilinx:family>
        <xilinx:family xilinx:lifeCycle="Production">kintexuplus</xilinx:family>
        <xilinx:family xilinx:lifeCycle="Production">kintexu</xilinx:family>
      </xilinx:supportedFamilies>
      <xilinx:taxonomies>
        <xilinx:taxonomy>/Embedded_Processing/Processor</xilinx:taxonomy>
        <xilinx:taxonomy>/UserIP</xilinx:taxonomy>
      </xilinx:taxonomies>
      <xilinx:displayName>ysyx_20210479_wrapper_v1_0</xilinx:displayName>
      <xilinx:definitionSource>package_project</xilinx:definitionSource>
      <xilinx:coreRevision>27</xilinx:coreRevision>
      <xilinx:coreCreationDateTime>2021-10-23T13:28:22Z</xilinx:coreCreationDateTime>
      <xilinx:tags>
        <xilinx:tag xilinx:name="nopcore"/>
        <xilinx:tag xilinx:name="ui.data.coregen.dd@38f6d317_ARCHIVE_LOCATION">e:/nano-cpu64k/fpga/ddr3_alpha_soc/ipwrapper</xilinx:tag>
        <xilinx:tag xilinx:name="ui.data.coregen.dd@33dcd11a_ARCHIVE_LOCATION">e:/nano-cpu64k/fpga/ddr3_alpha_soc/ipwrapper</xilinx:tag>
        <xilinx:tag xilinx:name="ui.data.coregen.dd@310da087_ARCHIVE_LOCATION">e:/nano-cpu64k/fpga/ddr3_alpha_soc/ipwrapper</xilinx:tag>
        <xilinx:tag xilinx:name="ui.data.coregen.dd@52d77e69_ARCHIVE_LOCATION">e:/nano-cpu64k/fpga/ddr3_alpha_soc/ipwrapper</xilinx:tag>
        <xilinx:tag xilinx:name="ui.data.coregen.dd@59598db0_ARCHIVE_LOCATION">e:/nano-cpu64k/fpga/ddr3_alpha_soc/ipwrapper</xilinx:tag>
        <xilinx:tag xilinx:name="ui.data.coregen.dd@31eb409d_ARCHIVE_LOCATION">e:/nano-cpu64k/fpga/ddr3_alpha_soc/ipwrapper</xilinx:tag>
        <xilinx:tag xilinx:name="ui.data.coregen.dd@732c4d77_ARCHIVE_LOCATION">e:/nano-cpu64k/fpga/ddr3_alpha_soc/ipwrapper</xilinx:tag>
        <xilinx:tag xilinx:name="ui.data.coregen.dd@7ee27dba_ARCHIVE_LOCATION">e:/nano-cpu64k/fpga/ddr3_alpha_soc/ipwrapper</xilinx:tag>
        <xilinx:tag xilinx:name="ui.data.coregen.dd@21b40955_ARCHIVE_LOCATION">e:/nano-cpu64k/fpga/ddr3_alpha_soc/ipwrapper</xilinx:tag>
        <xilinx:tag xilinx:name="ui.data.coregen.dd@d448007_ARCHIVE_LOCATION">e:/nano-cpu64k/fpga/ddr3_alpha_soc/ipwrapper</xilinx:tag>
        <xilinx:tag xilinx:name="ui.data.coregen.dd@c28ebe5_ARCHIVE_LOCATION">e:/nano-cpu64k/fpga/ddr3_alpha_soc/ipwrapper</xilinx:tag>
        <xilinx:tag xilinx:name="ui.data.coregen.dd@8c3a3a4_ARCHIVE_LOCATION">e:/nano-cpu64k/fpga/ddr3_alpha_soc/ipwrapper</xilinx:tag>
        <xilinx:tag xilinx:name="ui.data.coregen.dd@483d1d92_ARCHIVE_LOCATION">e:/nano-cpu64k/fpga/ddr3_alpha_soc/ipwrapper</xilinx:tag>
        <xilinx:tag xilinx:name="ui.data.coregen.dd@ded546c_ARCHIVE_LOCATION">e:/nano-cpu64k/fpga/ddr3_alpha_soc/ipwrapper</xilinx:tag>
        <xilinx:tag xilinx:name="ui.data.coregen.dd@7784e174_ARCHIVE_LOCATION">e:/nano-cpu64k/fpga/ddr3_alpha_soc/ipwrapper</xilinx:tag>
        <xilinx:tag xilinx:name="ui.data.coregen.dd@3da83ca9_ARCHIVE_LOCATION">e:/nano-cpu64k/fpga/ddr3_alpha_soc/ipwrapper</xilinx:tag>
        <xilinx:tag xilinx:name="ui.data.coregen.dd@2583c1e_ARCHIVE_LOCATION">e:/nano-cpu64k/fpga/ddr3_alpha_soc/ipwrapper</xilinx:tag>
        <xilinx:tag xilinx:name="ui.data.coregen.dd@7b265912_ARCHIVE_LOCATION">e:/nano-cpu64k/fpga/ddr3_alpha_soc/ipwrapper</xilinx:tag>
        <xilinx:tag xilinx:name="ui.data.coregen.dd@6885c1b5_ARCHIVE_LOCATION">e:/nano-cpu64k/fpga/ddr3_alpha_soc/ipwrapper</xilinx:tag>
        <xilinx:tag xilinx:name="ui.data.coregen.dd@c4a1c40_ARCHIVE_LOCATION">e:/nano-cpu64k/fpga/ddr3_alpha_soc/ipwrapper</xilinx:tag>
        <xilinx:tag xilinx:name="ui.data.coregen.dd@6f44005_ARCHIVE_LOCATION">e:/nano-cpu64k/fpga/ddr3_alpha_soc/ipwrapper</xilinx:tag>
        <xilinx:tag xilinx:name="ui.data.coregen.dd@1e6d40d3_ARCHIVE_LOCATION">e:/nano-cpu64k/fpga/ddr3_alpha_soc/ipwrapper</xilinx:tag>
        <xilinx:tag xilinx:name="ui.data.coregen.dd@6273305d_ARCHIVE_LOCATION">e:/nano-cpu64k/fpga/ddr3_alpha_soc/ipwrapper</xilinx:tag>
        <xilinx:tag xilinx:name="ui.data.coregen.dd@7e4f5e14_ARCHIVE_LOCATION">e:/nano-cpu64k/fpga/ddr3_alpha_soc/ipwrapper</xilinx:tag>
        <xilinx:tag xilinx:name="ui.data.coregen.dd@4fed9cbc_ARCHIVE_LOCATION">e:/nano-cpu64k/fpga/ddr3_alpha_soc/ipwrapper</xilinx:tag>
        <xilinx:tag xilinx:name="ui.data.coregen.dd@36bacf31_ARCHIVE_LOCATION">e:/nano-cpu64k/fpga/ddr3_alpha_soc/ipwrapper</xilinx:tag>
        <xilinx:tag xilinx:name="ui.data.coregen.dd@6d87495a_ARCHIVE_LOCATION">e:/nano-cpu64k/fpga/ddr3_alpha_soc/ipwrapper</xilinx:tag>
        <xilinx:tag xilinx:name="ui.data.coregen.dd@2ccb4f9d_ARCHIVE_LOCATION">e:/nano-cpu64k/fpga/ddr3_alpha_soc/ipwrapper</xilinx:tag>
        <xilinx:tag xilinx:name="ui.data.coregen.dd@34dae73f_ARCHIVE_LOCATION">e:/nano-cpu64k/fpga/ddr3_alpha_soc/ipwrapper</xilinx:tag>
        <xilinx:tag xilinx:name="ui.data.coregen.dd@27655d04_ARCHIVE_LOCATION">e:/nano-cpu64k/fpga/ddr3_alpha_soc/ipwrapper</xilinx:tag>
        <xilinx:tag xilinx:name="ui.data.coregen.dd@40ec1ccc_ARCHIVE_LOCATION">e:/nano-cpu64k/fpga/ddr3_alpha_soc/ipwrapper</xilinx:tag>
        <xilinx:tag xilinx:name="ui.data.coregen.dd@26bf0b84_ARCHIVE_LOCATION">e:/nano-cpu64k/fpga/ddr3_alpha_soc/ipwrapper</xilinx:tag>
        <xilinx:tag xilinx:name="ui.data.coregen.dd@65768df5_ARCHIVE_LOCATION">e:/nano-cpu64k/fpga/ddr3_alpha_soc/ipwrapper</xilinx:tag>
        <xilinx:tag xilinx:name="ui.data.coregen.dd@7a925277_ARCHIVE_LOCATION">e:/nano-cpu64k/fpga/ddr3_alpha_soc/ipwrapper</xilinx:tag>
        <xilinx:tag xilinx:name="ui.data.coregen.dd@f4a39b5_ARCHIVE_LOCATION">e:/nano-cpu64k/fpga/ddr3_alpha_soc/ipwrapper</xilinx:tag>
        <xilinx:tag xilinx:name="ui.data.coregen.dd@14dfbc56_ARCHIVE_LOCATION">e:/nano-cpu64k/fpga/ddr3_alpha_soc/ipwrapper</xilinx:tag>
        <xilinx:tag xilinx:name="ui.data.coregen.dd@3d234606_ARCHIVE_LOCATION">e:/nano-cpu64k/fpga/ddr3_alpha_soc/ipwrapper</xilinx:tag>
        <xilinx:tag xilinx:name="ui.data.coregen.dd@76249916_ARCHIVE_LOCATION">e:/nano-cpu64k/fpga/ddr3_alpha_soc/ipwrapper</xilinx:tag>
        <xilinx:tag xilinx:name="ui.data.coregen.dd@37f4eb07_ARCHIVE_LOCATION">e:/nano-cpu64k/fpga/ddr3_alpha_soc/ipwrapper</xilinx:tag>
        <xilinx:tag xilinx:name="ui.data.coregen.dd@5c22b7bf_ARCHIVE_LOCATION">e:/nano-cpu64k/fpga/ddr3_alpha_soc/ipwrapper</xilinx:tag>
        <xilinx:tag xilinx:name="ui.data.coregen.dd@1343ffd9_ARCHIVE_LOCATION">e:/nano-cpu64k/fpga/ddr3_alpha_soc/ipwrapper</xilinx:tag>
        <xilinx:tag xilinx:name="ui.data.coregen.dd@5ea28212_ARCHIVE_LOCATION">e:/nano-cpu64k/fpga/ddr3_alpha_soc/ipwrapper</xilinx:tag>
        <xilinx:tag xilinx:name="ui.data.coregen.dd@717a7547_ARCHIVE_LOCATION">e:/nano-cpu64k/fpga/ddr3_alpha_soc/ipwrapper</xilinx:tag>
        <xilinx:tag xilinx:name="ui.data.coregen.dd@66ad0b7e_ARCHIVE_LOCATION">e:/nano-cpu64k/fpga/ddr3_alpha_soc/ipwrapper</xilinx:tag>
        <xilinx:tag xilinx:name="ui.data.coregen.dd@354d8a65_ARCHIVE_LOCATION">e:/nano-cpu64k/fpga/ddr3_alpha_soc/ipwrapper</xilinx:tag>
        <xilinx:tag xilinx:name="ui.data.coregen.dd@15b3b4c7_ARCHIVE_LOCATION">e:/nano-cpu64k/fpga/ddr3_alpha_soc/ipwrapper</xilinx:tag>
        <xilinx:tag xilinx:name="ui.data.coregen.dd@cc50c29_ARCHIVE_LOCATION">e:/nano-cpu64k/fpga/ddr3_alpha_soc/ipwrapper</xilinx:tag>
        <xilinx:tag xilinx:name="ui.data.coregen.dd@7288a309_ARCHIVE_LOCATION">e:/nano-cpu64k/fpga/ddr3_alpha_soc/ipwrapper</xilinx:tag>
        <xilinx:tag xilinx:name="ui.data.coregen.dd@550deb13_ARCHIVE_LOCATION">e:/nano-cpu64k/fpga/ddr3_alpha_soc/ipwrapper</xilinx:tag>
        <xilinx:tag xilinx:name="ui.data.coregen.dd@77dd13c_ARCHIVE_LOCATION">e:/nano-cpu64k/fpga/ddr3_alpha_soc/ipwrapper</xilinx:tag>
        <xilinx:tag xilinx:name="ui.data.coregen.dd@11f736b6_ARCHIVE_LOCATION">e:/nano-cpu64k/fpga/ddr3_alpha_soc/ipwrapper</xilinx:tag>
        <xilinx:tag xilinx:name="ui.data.coregen.dd@2e33c86d_ARCHIVE_LOCATION">e:/nano-cpu64k/fpga/ddr3_alpha_soc/ipwrapper</xilinx:tag>
        <xilinx:tag xilinx:name="ui.data.coregen.dd@34df8a18_ARCHIVE_LOCATION">e:/nano-cpu64k/fpga/ddr3_alpha_soc/ipwrapper</xilinx:tag>
        <xilinx:tag xilinx:name="ui.data.coregen.dd@39a5441d_ARCHIVE_LOCATION">e:/nano-cpu64k/fpga/ddr3_alpha_soc/ipwrapper</xilinx:tag>
        <xilinx:tag xilinx:name="ui.data.coregen.dd@4099761d_ARCHIVE_LOCATION">e:/nano-cpu64k/fpga/ddr3_alpha_soc/ipwrapper</xilinx:tag>
        <xilinx:tag xilinx:name="ui.data.coregen.dd@7919d10f_ARCHIVE_LOCATION">e:/nano-cpu64k/fpga/ddr3_alpha_soc/ipwrapper</xilinx:tag>
        <xilinx:tag xilinx:name="ui.data.coregen.dd@6e17b3bd_ARCHIVE_LOCATION">e:/nano-cpu64k/fpga/ddr3_alpha_soc/ipwrapper</xilinx:tag>
        <xilinx:tag xilinx:name="ui.data.coregen.dd@2ee8356d_ARCHIVE_LOCATION">e:/nano-cpu64k/fpga/ddr3_alpha_soc/ipwrapper</xilinx:tag>
        <xilinx:tag xilinx:name="ui.data.coregen.dd@46086045_ARCHIVE_LOCATION">e:/nano-cpu64k/fpga/ddr3_alpha_soc/ipwrapper</xilinx:tag>
        <xilinx:tag xilinx:name="ui.data.coregen.dd@65c60a1a_ARCHIVE_LOCATION">e:/nano-cpu64k/fpga/ddr3_alpha_soc/ipwrapper</xilinx:tag>
        <xilinx:tag xilinx:name="ui.data.coregen.dd@74469db1_ARCHIVE_LOCATION">e:/nano-cpu64k/fpga/ddr3_alpha_soc/ipwrapper</xilinx:tag>
        <xilinx:tag xilinx:name="ui.data.coregen.dd@2dd18a23_ARCHIVE_LOCATION">e:/nano-cpu64k/fpga/ddr3_alpha_soc/ipwrapper</xilinx:tag>
        <xilinx:tag xilinx:name="ui.data.coregen.dd@7671fb52_ARCHIVE_LOCATION">e:/nano-cpu64k/fpga/ddr3_alpha_soc/ipwrapper</xilinx:tag>
        <xilinx:tag xilinx:name="ui.data.coregen.dd@4328cd7c_ARCHIVE_LOCATION">e:/nano-cpu64k/fpga/ddr3_alpha_soc/ipwrapper</xilinx:tag>
        <xilinx:tag xilinx:name="ui.data.coregen.dd@1484c40b_ARCHIVE_LOCATION">e:/nano-cpu64k/fpga/ddr3_alpha_soc/ipwrapper</xilinx:tag>
        <xilinx:tag xilinx:name="ui.data.coregen.dd@1e74187a_ARCHIVE_LOCATION">e:/nano-cpu64k/fpga/ddr3_alpha_soc/ipwrapper</xilinx:tag>
        <xilinx:tag xilinx:name="ui.data.coregen.dd@3353e8e7_ARCHIVE_LOCATION">e:/nano-cpu64k/fpga/ddr3_alpha_soc/ipwrapper</xilinx:tag>
        <xilinx:tag xilinx:name="ui.data.coregen.dd@5ea6880b_ARCHIVE_LOCATION">e:/nano-cpu64k/fpga/ddr3_alpha_soc/ipwrapper</xilinx:tag>
        <xilinx:tag xilinx:name="ui.data.coregen.dd@4c9bb4be_ARCHIVE_LOCATION">e:/nano-cpu64k/fpga/ddr3_alpha_soc/ipwrapper</xilinx:tag>
        <xilinx:tag xilinx:name="ui.data.coregen.dd@5b63d09_ARCHIVE_LOCATION">e:/nano-cpu64k/fpga/ddr3_alpha_soc/ipwrapper</xilinx:tag>
        <xilinx:tag xilinx:name="ui.data.coregen.dd@2bb3dead_ARCHIVE_LOCATION">e:/nano-cpu64k/fpga/ddr3_alpha_soc/ipwrapper</xilinx:tag>
        <xilinx:tag xilinx:name="ui.data.coregen.dd@547dda62_ARCHIVE_LOCATION">e:/nano-cpu64k/fpga/ddr3_alpha_soc/ipwrapper</xilinx:tag>
        <xilinx:tag xilinx:name="ui.data.coregen.dd@1261bbba_ARCHIVE_LOCATION">e:/nano-cpu64k/fpga/ddr3_alpha_soc/ipwrapper</xilinx:tag>
        <xilinx:tag xilinx:name="ui.data.coregen.dd@1842dfc2_ARCHIVE_LOCATION">e:/nano-cpu64k/fpga/ddr3_alpha_soc/ipwrapper</xilinx:tag>
        <xilinx:tag xilinx:name="ui.data.coregen.dd@6a6a9249_ARCHIVE_LOCATION">e:/nano-cpu64k/fpga/ddr3_alpha_soc/ipwrapper</xilinx:tag>
        <xilinx:tag xilinx:name="ui.data.coregen.dd@6213184a_ARCHIVE_LOCATION">e:/nano-cpu64k/fpga/ddr3_alpha_soc/ipwrapper</xilinx:tag>
        <xilinx:tag xilinx:name="ui.data.coregen.dd@2f31a4d6_ARCHIVE_LOCATION">e:/nano-cpu64k/fpga/ddr3_alpha_soc/ipwrapper</xilinx:tag>
        <xilinx:tag xilinx:name="ui.data.coregen.dd@4d736a2c_ARCHIVE_LOCATION">e:/nano-cpu64k/fpga/ddr3_alpha_soc/ipwrapper</xilinx:tag>
        <xilinx:tag xilinx:name="ui.data.coregen.dd@669e7b93_ARCHIVE_LOCATION">e:/nano-cpu64k/fpga/ddr3_alpha_soc/ipwrapper</xilinx:tag>
        <xilinx:tag xilinx:name="ui.data.coregen.dd@4f06ae31_ARCHIVE_LOCATION">e:/nano-cpu64k/fpga/ddr3_alpha_soc/ipwrapper</xilinx:tag>
        <xilinx:tag xilinx:name="ui.data.coregen.dd@125942c_ARCHIVE_LOCATION">e:/nano-cpu64k/fpga/ddr3_alpha_soc/ipwrapper</xilinx:tag>
        <xilinx:tag xilinx:name="ui.data.coregen.dd@145412b1_ARCHIVE_LOCATION">e:/nano-cpu64k/fpga/ddr3_alpha_soc/ipwrapper</xilinx:tag>
        <xilinx:tag xilinx:name="ui.data.coregen.dd@3956aa0f_ARCHIVE_LOCATION">e:/nano-cpu64k/fpga/ddr3_alpha_soc/ipwrapper</xilinx:tag>
        <xilinx:tag xilinx:name="ui.data.coregen.dd@18fee50f_ARCHIVE_LOCATION">e:/nano-cpu64k/fpga/ddr3_alpha_soc/ipwrapper</xilinx:tag>
        <xilinx:tag xilinx:name="ui.data.coregen.dd@6e236e1b_ARCHIVE_LOCATION">e:/nano-cpu64k/fpga/ddr3_alpha_soc/ipwrapper</xilinx:tag>
        <xilinx:tag xilinx:name="ui.data.coregen.dd@545b4be3_ARCHIVE_LOCATION">e:/nano-cpu64k/fpga/ddr3_alpha_soc/ipwrapper</xilinx:tag>
        <xilinx:tag xilinx:name="ui.data.coregen.dd@2b42b68c_ARCHIVE_LOCATION">e:/nano-cpu64k/fpga/ddr3_alpha_soc/ipwrapper</xilinx:tag>
        <xilinx:tag xilinx:name="ui.data.coregen.dd@31e8aadf_ARCHIVE_LOCATION">e:/nano-cpu64k/fpga/ddr3_alpha_soc/ipwrapper</xilinx:tag>
        <xilinx:tag xilinx:name="ui.data.coregen.dd@60df4737_ARCHIVE_LOCATION">e:/nano-cpu64k/fpga/ddr3_alpha_soc/ipwrapper</xilinx:tag>
        <xilinx:tag xilinx:name="ui.data.coregen.dd@1c94abaf_ARCHIVE_LOCATION">e:/nano-cpu64k/fpga/ddr3_alpha_soc/ipwrapper</xilinx:tag>
        <xilinx:tag xilinx:name="ui.data.coregen.dd@40962ceb_ARCHIVE_LOCATION">e:/nano-cpu64k/fpga/ddr3_alpha_soc/ipwrapper</xilinx:tag>
        <xilinx:tag xilinx:name="ui.data.coregen.dd@3759f2e5_ARCHIVE_LOCATION">e:/nano-cpu64k/fpga/ddr3_alpha_soc/ipwrapper</xilinx:tag>
        <xilinx:tag xilinx:name="ui.data.coregen.dd@40a1850f_ARCHIVE_LOCATION">e:/nano-cpu64k/fpga/ddr3_alpha_soc/ipwrapper</xilinx:tag>
        <xilinx:tag xilinx:name="ui.data.coregen.dd@d799482_ARCHIVE_LOCATION">e:/nano-cpu64k/fpga/ddr3_alpha_soc/ipwrapper</xilinx:tag>
        <xilinx:tag xilinx:name="ui.data.coregen.dd@168104fb_ARCHIVE_LOCATION">e:/nano-cpu64k/fpga/ddr3_alpha_soc/ipwrapper</xilinx:tag>
        <xilinx:tag xilinx:name="ui.data.coregen.dd@78dc5fb6_ARCHIVE_LOCATION">e:/nano-cpu64k/fpga/ddr3_alpha_soc/ipwrapper</xilinx:tag>
        <xilinx:tag xilinx:name="ui.data.coregen.dd@3942e90d_ARCHIVE_LOCATION">e:/nano-cpu64k/fpga/ddr3_alpha_soc/ipwrapper</xilinx:tag>
        <xilinx:tag xilinx:name="ui.data.coregen.dd@1b4a1e8d_ARCHIVE_LOCATION">e:/nano-cpu64k/fpga/ddr3_alpha_soc/ipwrapper</xilinx:tag>
        <xilinx:tag xilinx:name="ui.data.coregen.dd@5a2b087e_ARCHIVE_LOCATION">e:/nano-cpu64k/fpga/ddr3_alpha_soc/ipwrapper</xilinx:tag>
        <xilinx:tag xilinx:name="ui.data.coregen.dd@64b2699d_ARCHIVE_LOCATION">e:/nano-cpu64k/fpga/ddr3_alpha_soc/ipwrapper</xilinx:tag>
        <xilinx:tag xilinx:name="ui.data.coregen.dd@1b9d412_ARCHIVE_LOCATION">e:/nano-cpu64k/fpga/ddr3_alpha_soc/ipwrapper</xilinx:tag>
        <xilinx:tag xilinx:name="ui.data.coregen.dd@5d07e151_ARCHIVE_LOCATION">e:/nano-cpu64k/fpga/ddr3_alpha_soc/ipwrapper</xilinx:tag>
        <xilinx:tag xilinx:name="ui.data.coregen.dd@ece5360_ARCHIVE_LOCATION">e:/nano-cpu64k/fpga/ddr3_alpha_soc/ipwrapper</xilinx:tag>
        <xilinx:tag xilinx:name="ui.data.coregen.dd@16e6244b_ARCHIVE_LOCATION">e:/nano-cpu64k/fpga/ddr3_alpha_soc/ipwrapper</xilinx:tag>
        <xilinx:tag xilinx:name="ui.data.coregen.dd@78fb2311_ARCHIVE_LOCATION">e:/nano-cpu64k/fpga/ddr3_alpha_soc/ipwrapper</xilinx:tag>
        <xilinx:tag xilinx:name="ui.data.coregen.dd@11c9c0b5_ARCHIVE_LOCATION">e:/nano-cpu64k/fpga/ddr3_alpha_soc/ipwrapper</xilinx:tag>
        <xilinx:tag xilinx:name="ui.data.coregen.dd@570da8c_ARCHIVE_LOCATION">e:/nano-cpu64k/fpga/ddr3_alpha_soc/ipwrapper</xilinx:tag>
        <xilinx:tag xilinx:name="ui.data.coregen.dd@444b7493_ARCHIVE_LOCATION">e:/nano-cpu64k/fpga/ddr3_alpha_soc/ipwrapper</xilinx:tag>
        <xilinx:tag xilinx:name="ui.data.coregen.dd@42a6a74_ARCHIVE_LOCATION">e:/nano-cpu64k/fpga/ddr3_alpha_soc/ipwrapper</xilinx:tag>
        <xilinx:tag xilinx:name="ui.data.coregen.dd@15310eb9_ARCHIVE_LOCATION">e:/nano-cpu64k/fpga/ddr3_alpha_soc/ipwrapper</xilinx:tag>
        <xilinx:tag xilinx:name="ui.data.coregen.dd@18e0c927_ARCHIVE_LOCATION">e:/nano-cpu64k/fpga/ddr3_alpha_soc/ipwrapper</xilinx:tag>
        <xilinx:tag xilinx:name="ui.data.coregen.dd@27e6b6f2_ARCHIVE_LOCATION">e:/nano-cpu64k/fpga/ddr3_alpha_soc/ipwrapper</xilinx:tag>
        <xilinx:tag xilinx:name="ui.data.coregen.dd@5f917373_ARCHIVE_LOCATION">e:/nano-cpu64k/fpga/ddr3_alpha_soc/ipwrapper</xilinx:tag>
        <xilinx:tag xilinx:name="ui.data.coregen.dd@2eb8e8b9_ARCHIVE_LOCATION">e:/nano-cpu64k/fpga/ddr3_alpha_soc/ipwrapper</xilinx:tag>
        <xilinx:tag xilinx:name="ui.data.coregen.dd@288a1323_ARCHIVE_LOCATION">e:/nano-cpu64k/fpga/ddr3_alpha_soc/ipwrapper</xilinx:tag>
        <xilinx:tag xilinx:name="ui.data.coregen.dd@36edca9e_ARCHIVE_LOCATION">e:/nano-cpu64k/fpga/ddr3_alpha_soc/ipwrapper</xilinx:tag>
        <xilinx:tag xilinx:name="ui.data.coregen.dd@19290933_ARCHIVE_LOCATION">e:/nano-cpu64k/fpga/ddr3_alpha_soc/ipwrapper</xilinx:tag>
        <xilinx:tag xilinx:name="ui.data.coregen.dd@396dd6ce_ARCHIVE_LOCATION">e:/nano-cpu64k/fpga/ddr3_alpha_soc/ipwrapper</xilinx:tag>
        <xilinx:tag xilinx:name="ui.data.coregen.dd@3491d978_ARCHIVE_LOCATION">e:/nano-cpu64k/fpga/ddr3_alpha_soc/ipwrapper</xilinx:tag>
        <xilinx:tag xilinx:name="ui.data.coregen.dd@50f8caf4_ARCHIVE_LOCATION">e:/nano-cpu64k/fpga/ddr3_alpha_soc/ipwrapper</xilinx:tag>
        <xilinx:tag xilinx:name="ui.data.coregen.dd@7dc4a8eb_ARCHIVE_LOCATION">e:/nano-cpu64k/fpga/ddr3_alpha_soc/ipwrapper</xilinx:tag>
        <xilinx:tag xilinx:name="ui.data.coregen.dd@61c5d2c7_ARCHIVE_LOCATION">e:/nano-cpu64k/fpga/ddr3_alpha_soc/ipwrapper</xilinx:tag>
        <xilinx:tag xilinx:name="ui.data.coregen.dd@68ac2c18_ARCHIVE_LOCATION">e:/nano-cpu64k/fpga/ddr3_alpha_soc/ipwrapper</xilinx:tag>
        <xilinx:tag xilinx:name="ui.data.coregen.dd@1adddac5_ARCHIVE_LOCATION">e:/nano-cpu64k/fpga/ddr3_alpha_soc/ipwrapper</xilinx:tag>
        <xilinx:tag xilinx:name="ui.data.coregen.dd@333bb524_ARCHIVE_LOCATION">e:/nano-cpu64k/fpga/ddr3_alpha_soc/ipwrapper</xilinx:tag>
        <xilinx:tag xilinx:name="ui.data.coregen.dd@102cc7e5_ARCHIVE_LOCATION">e:/nano-cpu64k/fpga/ddr3_alpha_soc/ipwrapper</xilinx:tag>
        <xilinx:tag xilinx:name="ui.data.coregen.dd@5594d034_ARCHIVE_LOCATION">e:/nano-cpu64k/fpga/ddr3_alpha_soc/ipwrapper</xilinx:tag>
        <xilinx:tag xilinx:name="ui.data.coregen.dd@7819cdc8_ARCHIVE_LOCATION">e:/nano-cpu64k/fpga/ddr3_alpha_soc/ipwrapper</xilinx:tag>
        <xilinx:tag xilinx:name="ui.data.coregen.dd@1675304e_ARCHIVE_LOCATION">e:/nano-cpu64k/fpga/ddr3_alpha_soc/ipwrapper</xilinx:tag>
        <xilinx:tag xilinx:name="ui.data.coregen.dd@71fdb5ef_ARCHIVE_LOCATION">e:/nano-cpu64k/fpga/ddr3_alpha_soc/ipwrapper</xilinx:tag>
        <xilinx:tag xilinx:name="ui.data.coregen.dd@37cc0eaa_ARCHIVE_LOCATION">e:/nano-cpu64k/fpga/ddr3_alpha_soc/ipwrapper</xilinx:tag>
        <xilinx:tag xilinx:name="ui.data.coregen.dd@1feaa153_ARCHIVE_LOCATION">e:/nano-cpu64k/fpga/ddr3_alpha_soc/ipwrapper</xilinx:tag>
        <xilinx:tag xilinx:name="ui.data.coregen.dd@2af8824e_ARCHIVE_LOCATION">e:/nano-cpu64k/fpga/ddr3_alpha_soc/ipwrapper</xilinx:tag>
        <xilinx:tag xilinx:name="ui.data.coregen.dd@38a0fc53_ARCHIVE_LOCATION">e:/nano-cpu64k/fpga/ddr3_alpha_soc/ipwrapper</xilinx:tag>
        <xilinx:tag xilinx:name="ui.data.coregen.dd@5feb5a05_ARCHIVE_LOCATION">e:/nano-cpu64k/fpga/ddr3_alpha_soc/ipwrapper</xilinx:tag>
        <xilinx:tag xilinx:name="ui.data.coregen.dd@74e15104_ARCHIVE_LOCATION">e:/nano-cpu64k/fpga/ddr3_alpha_soc/ipwrapper</xilinx:tag>
        <xilinx:tag xilinx:name="ui.data.coregen.dd@5aa0eea4_ARCHIVE_LOCATION">e:/nano-cpu64k/fpga/ddr3_alpha_soc/ipwrapper</xilinx:tag>
        <xilinx:tag xilinx:name="ui.data.coregen.dd@4b531106_ARCHIVE_LOCATION">e:/nano-cpu64k/fpga/ddr3_alpha_soc/ipwrapper</xilinx:tag>
        <xilinx:tag xilinx:name="ui.data.coregen.dd@6ba5e85a_ARCHIVE_LOCATION">e:/nano-cpu64k/fpga/ddr3_alpha_soc/ipwrapper</xilinx:tag>
        <xilinx:tag xilinx:name="ui.data.coregen.dd@1fe63a9a_ARCHIVE_LOCATION">e:/nano-cpu64k/fpga/ddr3_alpha_soc/ipwrapper</xilinx:tag>
        <xilinx:tag xilinx:name="ui.data.coregen.dd@6a96ffe_ARCHIVE_LOCATION">e:/nano-cpu64k/fpga/ddr3_alpha_soc/ipwrapper</xilinx:tag>
        <xilinx:tag xilinx:name="ui.data.coregen.dd@2975bf6e_ARCHIVE_LOCATION">e:/nano-cpu64k/fpga/ddr3_alpha_soc/ipwrapper</xilinx:tag>
        <xilinx:tag xilinx:name="ui.data.coregen.dd@3f6d4780_ARCHIVE_LOCATION">e:/nano-cpu64k/fpga/ddr3_alpha_soc/ipwrapper</xilinx:tag>
        <xilinx:tag xilinx:name="ui.data.coregen.dd@61486d20_ARCHIVE_LOCATION">e:/nano-cpu64k/fpga/ddr3_alpha_soc/ipwrapper</xilinx:tag>
        <xilinx:tag xilinx:name="ui.data.coregen.dd@d68d967_ARCHIVE_LOCATION">e:/nano-cpu64k/fpga/ddr3_alpha_soc/ipwrapper</xilinx:tag>
        <xilinx:tag xilinx:name="ui.data.coregen.dd@5e011e56_ARCHIVE_LOCATION">e:/nano-cpu64k/fpga/ddr3_alpha_soc/ipwrapper</xilinx:tag>
        <xilinx:tag xilinx:name="ui.data.coregen.dd@243bfa74_ARCHIVE_LOCATION">e:/nano-cpu64k/fpga/ddr3_alpha_soc/ipwrapper</xilinx:tag>
        <xilinx:tag xilinx:name="ui.data.coregen.dd@6dd5ed9c_ARCHIVE_LOCATION">e:/nano-cpu64k/fpga/ddr3_alpha_soc/ipwrapper</xilinx:tag>
        <xilinx:tag xilinx:name="ui.data.coregen.dd@cc5e2c5_ARCHIVE_LOCATION">e:/nano-cpu64k/fpga/ddr3_alpha_soc/ipwrapper</xilinx:tag>
        <xilinx:tag xilinx:name="ui.data.coregen.dd@645fd7e8_ARCHIVE_LOCATION">e:/nano-cpu64k/fpga/ddr3_alpha_soc/ipwrapper</xilinx:tag>
        <xilinx:tag xilinx:name="ui.data.coregen.dd@1d2c0093_ARCHIVE_LOCATION">e:/nano-cpu64k/fpga/ddr3_alpha_soc/ipwrapper</xilinx:tag>
        <xilinx:tag xilinx:name="ui.data.coregen.dd@3d1ed175_ARCHIVE_LOCATION">e:/nano-cpu64k/fpga/ddr3_alpha_soc/ipwrapper</xilinx:tag>
        <xilinx:tag xilinx:name="ui.data.coregen.dd@10cbdd19_ARCHIVE_LOCATION">e:/nano-cpu64k/fpga/ddr3_alpha_soc/ipwrapper</xilinx:tag>
        <xilinx:tag xilinx:name="ui.data.coregen.dd@eade4bc_ARCHIVE_LOCATION">e:/nano-cpu64k/fpga/ddr3_alpha_soc/ipwrapper</xilinx:tag>
        <xilinx:tag xilinx:name="ui.data.coregen.dd@6c12bc59_ARCHIVE_LOCATION">e:/nano-cpu64k/fpga/ddr3_alpha_soc/ipwrapper</xilinx:tag>
        <xilinx:tag xilinx:name="ui.data.coregen.dd@6735d695_ARCHIVE_LOCATION">e:/nano-cpu64k/fpga/ddr3_alpha_soc/ipwrapper</xilinx:tag>
        <xilinx:tag xilinx:name="ui.data.coregen.dd@b8db83d_ARCHIVE_LOCATION">e:/nano-cpu64k/fpga/ddr3_alpha_soc/ipwrapper</xilinx:tag>
        <xilinx:tag xilinx:name="ui.data.coregen.dd@34e8958a_ARCHIVE_LOCATION">e:/nano-cpu64k/fpga/ddr3_alpha_soc/ipwrapper</xilinx:tag>
        <xilinx:tag xilinx:name="ui.data.coregen.dd@54e69fbe_ARCHIVE_LOCATION">e:/nano-cpu64k/fpga/ddr3_alpha_soc/ipwrapper</xilinx:tag>
        <xilinx:tag xilinx:name="ui.data.coregen.dd@5338a908_ARCHIVE_LOCATION">e:/nano-cpu64k/fpga/ddr3_alpha_soc/ipwrapper</xilinx:tag>
        <xilinx:tag xilinx:name="ui.data.coregen.dd@1ef9acd8_ARCHIVE_LOCATION">e:/nano-cpu64k/fpga/ddr3_alpha_soc/ipwrapper</xilinx:tag>
        <xilinx:tag xilinx:name="ui.data.coregen.dd@242b7aca_ARCHIVE_LOCATION">e:/nano-cpu64k/fpga/ddr3_alpha_soc/ipwrapper</xilinx:tag>
        <xilinx:tag xilinx:name="ui.data.coregen.dd@430a2a6b_ARCHIVE_LOCATION">e:/nano-cpu64k/fpga/ddr3_alpha_soc/ipwrapper</xilinx:tag>
        <xilinx:tag xilinx:name="ui.data.coregen.dd@1e63d34e_ARCHIVE_LOCATION">e:/nano-cpu64k/fpga/ddr3_alpha_soc/ipwrapper</xilinx:tag>
        <xilinx:tag xilinx:name="ui.data.coregen.dd@501af18b_ARCHIVE_LOCATION">e:/nano-cpu64k/fpga/ddr3_alpha_soc/ipwrapper</xilinx:tag>
        <xilinx:tag xilinx:name="ui.data.coregen.dd@5e43d68a_ARCHIVE_LOCATION">e:/nano-cpu64k/fpga/ddr3_alpha_soc/ipwrapper</xilinx:tag>
        <xilinx:tag xilinx:name="ui.data.coregen.dd@e8fef7b_ARCHIVE_LOCATION">e:/nano-cpu64k/fpga/ddr3_alpha_soc/ipwrapper</xilinx:tag>
        <xilinx:tag xilinx:name="ui.data.coregen.dd@e866c9a_ARCHIVE_LOCATION">e:/nano-cpu64k/fpga/ddr3_alpha_soc/ipwrapper</xilinx:tag>
        <xilinx:tag xilinx:name="ui.data.coregen.dd@346468c0_ARCHIVE_LOCATION">e:/nano-cpu64k/fpga/ddr3_alpha_soc/ipwrapper</xilinx:tag>
        <xilinx:tag xilinx:name="ui.data.coregen.dd@11fcd553_ARCHIVE_LOCATION">e:/nano-cpu64k/fpga/ddr3_alpha_soc/ipwrapper</xilinx:tag>
        <xilinx:tag xilinx:name="ui.data.coregen.dd@269af64b_ARCHIVE_LOCATION">e:/nano-cpu64k/fpga/ddr3_alpha_soc/ipwrapper</xilinx:tag>
        <xilinx:tag xilinx:name="ui.data.coregen.dd@3da2ccfa_ARCHIVE_LOCATION">e:/nano-cpu64k/fpga/ddr3_alpha_soc/ipwrapper</xilinx:tag>
        <xilinx:tag xilinx:name="ui.data.coregen.dd@38d24b3d_ARCHIVE_LOCATION">e:/nano-cpu64k/fpga/ddr3_alpha_soc/ipwrapper</xilinx:tag>
        <xilinx:tag xilinx:name="ui.data.coregen.dd@3ffa6907_ARCHIVE_LOCATION">e:/nano-cpu64k/fpga/ddr3_alpha_soc/ipwrapper</xilinx:tag>
        <xilinx:tag xilinx:name="ui.data.coregen.dd@42b60f93_ARCHIVE_LOCATION">e:/nano-cpu64k/fpga/ddr3_alpha_soc/ipwrapper</xilinx:tag>
        <xilinx:tag xilinx:name="ui.data.coregen.dd@75021230_ARCHIVE_LOCATION">e:/nano-cpu64k/fpga/ddr3_alpha_soc/ipwrapper</xilinx:tag>
        <xilinx:tag xilinx:name="ui.data.coregen.dd@6a3d8776_ARCHIVE_LOCATION">e:/nano-cpu64k/fpga/ddr3_alpha_soc/ipwrapper</xilinx:tag>
        <xilinx:tag xilinx:name="ui.data.coregen.dd@235847d6_ARCHIVE_LOCATION">e:/nano-cpu64k/fpga/ddr3_alpha_soc/ipwrapper</xilinx:tag>
        <xilinx:tag xilinx:name="ui.data.coregen.dd@154f7aee_ARCHIVE_LOCATION">e:/nano-cpu64k/fpga/ddr3_alpha_soc/ipwrapper</xilinx:tag>
        <xilinx:tag xilinx:name="ui.data.coregen.dd@7011eb8a_ARCHIVE_LOCATION">e:/nano-cpu64k/fpga/ddr3_alpha_soc/ipwrapper</xilinx:tag>
        <xilinx:tag xilinx:name="ui.data.coregen.dd@690bec2c_ARCHIVE_LOCATION">e:/nano-cpu64k/fpga/ddr3_alpha_soc/ipwrapper</xilinx:tag>
        <xilinx:tag xilinx:name="ui.data.coregen.dd@68064e75_ARCHIVE_LOCATION">e:/nano-cpu64k/fpga/ddr3_alpha_soc/ipwrapper</xilinx:tag>
        <xilinx:tag xilinx:name="ui.data.coregen.dd@747cbc4f_ARCHIVE_LOCATION">e:/nano-cpu64k/fpga/ddr3_alpha_soc/ipwrapper</xilinx:tag>
        <xilinx:tag xilinx:name="ui.data.coregen.dd@6b483094_ARCHIVE_LOCATION">e:/nano-cpu64k/fpga/ddr3_alpha_soc/ipwrapper</xilinx:tag>
        <xilinx:tag xilinx:name="ui.data.coregen.dd@617aacac_ARCHIVE_LOCATION">e:/nano-cpu64k/fpga/ddr3_alpha_soc/ipwrapper</xilinx:tag>
        <xilinx:tag xilinx:name="ui.data.coregen.dd@f1012b2_ARCHIVE_LOCATION">e:/nano-cpu64k/fpga/ddr3_alpha_soc/ipwrapper</xilinx:tag>
        <xilinx:tag xilinx:name="ui.data.coregen.dd@647c11b4_ARCHIVE_LOCATION">e:/nano-cpu64k/fpga/ddr3_alpha_soc/ipwrapper</xilinx:tag>
        <xilinx:tag xilinx:name="ui.data.coregen.dd@2be3c7af_ARCHIVE_LOCATION">e:/nano-cpu64k/fpga/ddr3_alpha_soc/ipwrapper</xilinx:tag>
        <xilinx:tag xilinx:name="ui.data.coregen.dd@e5e1327_ARCHIVE_LOCATION">e:/nano-cpu64k/fpga/ddr3_alpha_soc/ipwrapper</xilinx:tag>
        <xilinx:tag xilinx:name="ui.data.coregen.dd@1a739f6_ARCHIVE_LOCATION">e:/nano-cpu64k/fpga/ddr3_alpha_soc/ipwrapper</xilinx:tag>
        <xilinx:tag xilinx:name="ui.data.coregen.dd@34b45d2c_ARCHIVE_LOCATION">e:/nano-cpu64k/fpga/ddr3_alpha_soc/ipwrapper</xilinx:tag>
        <xilinx:tag xilinx:name="ui.data.coregen.dd@7cde6d09_ARCHIVE_LOCATION">e:/nano-cpu64k/fpga/ddr3_alpha_soc/ipwrapper</xilinx:tag>
        <xilinx:tag xilinx:name="ui.data.coregen.dd@7eabfd0a_ARCHIVE_LOCATION">e:/nano-cpu64k/fpga/ddr3_alpha_soc/ipwrapper</xilinx:tag>
        <xilinx:tag xilinx:name="ui.data.coregen.dd@4f89e0d6_ARCHIVE_LOCATION">e:/nano-cpu64k/fpga/ddr3_alpha_soc/ipwrapper</xilinx:tag>
        <xilinx:tag xilinx:name="ui.data.coregen.dd@316a5d08_ARCHIVE_LOCATION">e:/nano-cpu64k/fpga/ddr3_alpha_soc/ipwrapper</xilinx:tag>
        <xilinx:tag xilinx:name="ui.data.coregen.dd@3acecc34_ARCHIVE_LOCATION">e:/nano-cpu64k/fpga/ddr3_alpha_soc/ipwrapper</xilinx:tag>
        <xilinx:tag xilinx:name="ui.data.coregen.dd@77e1327f_ARCHIVE_LOCATION">e:/nano-cpu64k/fpga/ddr3_alpha_soc/ipwrapper</xilinx:tag>
        <xilinx:tag xilinx:name="ui.data.coregen.dd@1be61942_ARCHIVE_LOCATION">e:/nano-cpu64k/fpga/ddr3_alpha_soc/ipwrapper</xilinx:tag>
        <xilinx:tag xilinx:name="ui.data.coregen.dd@10d8fc9e_ARCHIVE_LOCATION">e:/nano-cpu64k/fpga/ddr3_alpha_soc/ipwrapper</xilinx:tag>
        <xilinx:tag xilinx:name="ui.data.coregen.dd@3ab317a2_ARCHIVE_LOCATION">e:/nano-cpu64k/fpga/ddr3_alpha_soc/ipwrapper</xilinx:tag>
        <xilinx:tag xilinx:name="ui.data.coregen.dd@404c3f6a_ARCHIVE_LOCATION">e:/nano-cpu64k/fpga/ddr3_alpha_soc/ipwrapper</xilinx:tag>
        <xilinx:tag xilinx:name="ui.data.coregen.dd@58615018_ARCHIVE_LOCATION">e:/nano-cpu64k/fpga/ddr3_alpha_soc/ipwrapper</xilinx:tag>
        <xilinx:tag xilinx:name="ui.data.coregen.dd@1ed24960_ARCHIVE_LOCATION">e:/nano-cpu64k/fpga/ddr3_alpha_soc/ipwrapper</xilinx:tag>
        <xilinx:tag xilinx:name="ui.data.coregen.dd@cf17cdd_ARCHIVE_LOCATION">e:/nano-cpu64k/fpga/ddr3_alpha_soc/ipwrapper</xilinx:tag>
        <xilinx:tag xilinx:name="ui.data.coregen.dd@1527ec1_ARCHIVE_LOCATION">e:/nano-cpu64k/fpga/ddr3_alpha_soc/ipwrapper</xilinx:tag>
        <xilinx:tag xilinx:name="ui.data.coregen.dd@3e8ae9c8_ARCHIVE_LOCATION">e:/nano-cpu64k/fpga/ddr3_alpha_soc/ipwrapper</xilinx:tag>
        <xilinx:tag xilinx:name="ui.data.coregen.dd@28d0b43f_ARCHIVE_LOCATION">e:/nano-cpu64k/fpga/ddr3_alpha_soc/ipwrapper</xilinx:tag>
        <xilinx:tag xilinx:name="ui.data.coregen.dd@d683664_ARCHIVE_LOCATION">e:/nano-cpu64k/fpga/ddr3_alpha_soc/ipwrapper</xilinx:tag>
        <xilinx:tag xilinx:name="ui.data.coregen.dd@5d4b71e2_ARCHIVE_LOCATION">e:/nano-cpu64k/fpga/ddr3_alpha_soc/ipwrapper</xilinx:tag>
        <xilinx:tag xilinx:name="ui.data.coregen.dd@4caeebcd_ARCHIVE_LOCATION">e:/nano-cpu64k/fpga/ddr3_alpha_soc/ipwrapper</xilinx:tag>
      </xilinx:tags>
    </xilinx:coreExtensions>
    <xilinx:packagingInfo>
      <xilinx:xilinxVersion>2019.2</xilinx:xilinxVersion>
      <xilinx:checksum xilinx:scope="busInterfaces" xilinx:value="41c3fc4b"/>
      <xilinx:checksum xilinx:scope="addressSpaces" xilinx:value="b6fc92ab"/>
      <xilinx:checksum xilinx:scope="fileGroups" xilinx:value="f10b8817"/>
      <xilinx:checksum xilinx:scope="ports" xilinx:value="87445549"/>
      <xilinx:checksum xilinx:scope="parameters" xilinx:value="df21c783"/>
    </xilinx:packagingInfo>
  </spirit:vendorExtensions>
</spirit:component>
